dataset,subject,session,pipeline,metric,score,fold,fold_policy,n_train,n_test,n_channels,time
Miller2019-fingerflex,bp,0,LogBandPower+Ridge,pearson_r,0.30153525577915335,0,chronological,9744,2438,46,7.857849597930908
Miller2019-fingerflex,bp,0,LogBandPower+Ridge,r2,-0.09403687752387915,0,chronological,9744,2438,46,7.857849597930908
Miller2019-fingerflex,bp,0,HighGamma+Ridge,pearson_r,0.31904907811947314,0,chronological,9744,2438,46,7.6817662715911865
Miller2019-fingerflex,bp,0,HighGamma+Ridge,r2,-0.09409814607936558,0,chronological,9744,2438,46,7.6817662715911865
Miller2019-fingerflex,bp,0,LogBandPower+Ridge,pearson_r,0.3036548846816722,1,chronological,9735,2438,46,7.832704305648804
Miller2019-fingerflex,bp,0,LogBandPower+Ridge,r2,-0.02333584486767255,1,chronological,9735,2438,46,7.832704305648804
Miller2019-fingerflex,bp,0,HighGamma+Ridge,pearson_r,0.3452646624511718,1,chronological,9735,2438,46,7.675717115402222
Miller2019-fingerflex,bp,0,HighGamma+Ridge,r2,0.03316596899601887,1,chronological,9735,2438,46,7.675717115402222
Miller2019-fingerflex,bp,0,LogBandPower+Ridge,pearson_r,0.2423047121244692,2,chronological,9735,2438,46,7.837303161621094
Miller2019-fingerflex,bp,0,LogBandPower+Ridge,r2,-0.058878688477705055,2,chronological,9735,2438,46,7.837303161621094
Miller2019-fingerflex,bp,0,HighGamma+Ridge,pearson_r,0.27686972140989197,2,chronological,9735,2438,46,7.6814045906066895
Miller2019-fingerflex,bp,0,HighGamma+Ridge,r2,0.02440916116152314,2,chronological,9735,2438,46,7.6814045906066895
Miller2019-fingerflex,bp,0,LogBandPower+Ridge,pearson_r,0.25579490736922744,3,chronological,9735,2438,46,7.832206726074219
Miller2019-fingerflex,bp,0,LogBandPower+Ridge,r2,-0.10135600774542217,3,chronological,9735,2438,46,7.832206726074219
Miller2019-fingerflex,bp,0,HighGamma+Ridge,pearson_r,0.2785854994569999,3,chronological,9735,2438,46,7.678359746932983
Miller2019-fingerflex,bp,0,HighGamma+Ridge,r2,-0.04740955166292875,3,chronological,9735,2438,46,7.678359746932983
Miller2019-fingerflex,bp,0,LogBandPower+Ridge,pearson_r,0.22951991350839576,4,chronological,9743,2439,46,7.836804628372192
Miller2019-fingerflex,bp,0,LogBandPower+Ridge,r2,-0.34404291765047323,4,chronological,9743,2439,46,7.836804628372192
Miller2019-fingerflex,bp,0,HighGamma+Ridge,pearson_r,0.2603919119263159,4,chronological,9743,2439,46,7.672162294387817
Miller2019-fingerflex,bp,0,HighGamma+Ridge,r2,-0.28281253666979866,4,chronological,9743,2439,46,7.672162294387817
Miller2019-fingerflex,cc,0,LogBandPower+Ridge,pearson_r,0.4756768574492618,0,chronological,9744,2438,63,11.548693418502808
Miller2019-fingerflex,cc,0,LogBandPower+Ridge,r2,0.1596525790948671,0,chronological,9744,2438,63,11.548693418502808
Miller2019-fingerflex,cc,0,HighGamma+Ridge,pearson_r,0.5038069129371532,0,chronological,9744,2438,63,11.226125240325928
Miller2019-fingerflex,cc,0,HighGamma+Ridge,r2,0.1910671842484182,0,chronological,9744,2438,63,11.226125240325928
Miller2019-fingerflex,cc,0,LogBandPower+Ridge,pearson_r,0.4993977352227155,1,chronological,9735,2438,63,11.486978769302368
Miller2019-fingerflex,cc,0,LogBandPower+Ridge,r2,0.19137904426243382,1,chronological,9735,2438,63,11.486978769302368
Miller2019-fingerflex,cc,0,HighGamma+Ridge,pearson_r,0.494570420990624,1,chronological,9735,2438,63,11.195441246032715
Miller2019-fingerflex,cc,0,HighGamma+Ridge,r2,0.21191558026751028,1,chronological,9735,2438,63,11.195441246032715
Miller2019-fingerflex,cc,0,LogBandPower+Ridge,pearson_r,0.4534469122894385,2,chronological,9735,2438,63,11.513924360275269
Miller2019-fingerflex,cc,0,LogBandPower+Ridge,r2,0.10302629644587533,2,chronological,9735,2438,63,11.513924360275269
Miller2019-fingerflex,cc,0,HighGamma+Ridge,pearson_r,0.45255535852896084,2,chronological,9735,2438,63,11.195449829101562
Miller2019-fingerflex,cc,0,HighGamma+Ridge,r2,0.120184678954054,2,chronological,9735,2438,63,11.195449829101562
Miller2019-fingerflex,cc,0,LogBandPower+Ridge,pearson_r,0.42322802180359187,3,chronological,9735,2438,63,11.504575252532959
Miller2019-fingerflex,cc,0,LogBandPower+Ridge,r2,0.034276709219421345,3,chronological,9735,2438,63,11.504575252532959
Miller2019-fingerflex,cc,0,HighGamma+Ridge,pearson_r,0.4123471473210076,3,chronological,9735,2438,63,11.198663234710693
Miller2019-fingerflex,cc,0,HighGamma+Ridge,r2,0.07682840431926305,3,chronological,9735,2438,63,11.198663234710693
Miller2019-fingerflex,cc,0,LogBandPower+Ridge,pearson_r,0.40261692169361335,4,chronological,9743,2439,63,11.53938364982605
Miller2019-fingerflex,cc,0,LogBandPower+Ridge,r2,0.03547301831506981,4,chronological,9743,2439,63,11.53938364982605
Miller2019-fingerflex,cc,0,HighGamma+Ridge,pearson_r,0.3867618266233781,4,chronological,9743,2439,63,11.22951602935791
Miller2019-fingerflex,cc,0,HighGamma+Ridge,r2,0.06164040304317266,4,chronological,9743,2439,63,11.22951602935791
Miller2019-fingerflex,ht,0,LogBandPower+Ridge,pearson_r,0.21845417565615297,0,chronological,9744,2438,64,11.813295602798462
Miller2019-fingerflex,ht,0,LogBandPower+Ridge,r2,-0.07878025792759054,0,chronological,9744,2438,64,11.813295602798462
Miller2019-fingerflex,ht,0,HighGamma+Ridge,pearson_r,0.23587364477358777,0,chronological,9744,2438,64,11.488979816436768
Miller2019-fingerflex,ht,0,HighGamma+Ridge,r2,-0.035970338633307654,0,chronological,9744,2438,64,11.488979816436768
Miller2019-fingerflex,ht,0,LogBandPower+Ridge,pearson_r,0.1987997952115688,1,chronological,9735,2438,64,11.794633865356445
Miller2019-fingerflex,ht,0,LogBandPower+Ridge,r2,-0.028677714900407714,1,chronological,9735,2438,64,11.794633865356445
Miller2019-fingerflex,ht,0,HighGamma+Ridge,pearson_r,0.2016200190239025,1,chronological,9735,2438,64,11.479218482971191
Miller2019-fingerflex,ht,0,HighGamma+Ridge,r2,0.0006073681975160783,1,chronological,9735,2438,64,11.479218482971191
Miller2019-fingerflex,ht,0,LogBandPower+Ridge,pearson_r,0.19181080198609657,2,chronological,9735,2438,64,11.801068305969238
Miller2019-fingerflex,ht,0,LogBandPower+Ridge,r2,-0.04534681854502225,2,chronological,9735,2438,64,11.801068305969238
Miller2019-fingerflex,ht,0,HighGamma+Ridge,pearson_r,0.17934141011891858,2,chronological,9735,2438,64,11.48954963684082
Miller2019-fingerflex,ht,0,HighGamma+Ridge,r2,-0.003414001857963833,2,chronological,9735,2438,64,11.48954963684082
Miller2019-fingerflex,ht,0,LogBandPower+Ridge,pearson_r,0.19765635473358326,3,chronological,9735,2438,64,11.721599340438843
Miller2019-fingerflex,ht,0,LogBandPower+Ridge,r2,-0.037427462574944316,3,chronological,9735,2438,64,11.721599340438843
Miller2019-fingerflex,ht,0,HighGamma+Ridge,pearson_r,0.19894090232919742,3,chronological,9735,2438,64,11.500900506973267
Miller2019-fingerflex,ht,0,HighGamma+Ridge,r2,-0.008835987633945575,3,chronological,9735,2438,64,11.500900506973267
Miller2019-fingerflex,ht,0,LogBandPower+Ridge,pearson_r,0.19264100399773096,4,chronological,9743,2439,64,11.72864580154419
Miller2019-fingerflex,ht,0,LogBandPower+Ridge,r2,-0.16791391691936028,4,chronological,9743,2439,64,11.72864580154419
Miller2019-fingerflex,ht,0,HighGamma+Ridge,pearson_r,0.18782602084010963,4,chronological,9743,2439,64,11.482042074203491
Miller2019-fingerflex,ht,0,HighGamma+Ridge,r2,-0.15389404086091132,4,chronological,9743,2439,64,11.482042074203491
Miller2019-fingerflex,jc,0,LogBandPower+Ridge,pearson_r,0.3118213786082563,0,chronological,8471,2119,47,6.9931910037994385
Miller2019-fingerflex,jc,0,LogBandPower+Ridge,r2,-0.00590706799704317,0,chronological,8471,2119,47,6.9931910037994385
Miller2019-fingerflex,jc,0,HighGamma+Ridge,pearson_r,0.3291621730075828,0,chronological,8471,2119,47,6.863426685333252
Miller2019-fingerflex,jc,0,HighGamma+Ridge,r2,0.04757417527854082,0,chronological,8471,2119,47,6.863426685333252
Miller2019-fingerflex,jc,0,LogBandPower+Ridge,pearson_r,0.3095006360426326,1,chronological,8461,2120,47,6.995498418807983
Miller2019-fingerflex,jc,0,LogBandPower+Ridge,r2,0.016697871975194168,1,chronological,8461,2120,47,6.995498418807983
Miller2019-fingerflex,jc,0,HighGamma+Ridge,pearson_r,0.34268146145364803,1,chronological,8461,2120,47,6.860560417175293
Miller2019-fingerflex,jc,0,HighGamma+Ridge,r2,0.0755151101034069,1,chronological,8461,2120,47,6.860560417175293
Miller2019-fingerflex,jc,0,LogBandPower+Ridge,pearson_r,0.2796110526821326,2,chronological,8461,2120,47,6.997818231582642
Miller2019-fingerflex,jc,0,LogBandPower+Ridge,r2,0.024631417213013828,2,chronological,8461,2120,47,6.997818231582642
Miller2019-fingerflex,jc,0,HighGamma+Ridge,pearson_r,0.31002880071901834,2,chronological,8461,2120,47,6.8624255657196045
Miller2019-fingerflex,jc,0,HighGamma+Ridge,r2,0.06703108472507138,2,chronological,8461,2120,47,6.8624255657196045
Miller2019-fingerflex,jc,0,LogBandPower+Ridge,pearson_r,0.29578194722953854,3,chronological,8461,2120,47,6.99699330329895
Miller2019-fingerflex,jc,0,LogBandPower+Ridge,r2,0.05212430170163194,3,chronological,8461,2120,47,6.99699330329895
Miller2019-fingerflex,jc,0,HighGamma+Ridge,pearson_r,0.3208506547077633,3,chronological,8461,2120,47,6.862660884857178
Miller2019-fingerflex,jc,0,HighGamma+Ridge,r2,0.08576254673037972,3,chronological,8461,2120,47,6.862660884857178
Miller2019-fingerflex,jc,0,LogBandPower+Ridge,pearson_r,0.31338579366458774,4,chronological,8470,2120,47,6.992005348205566
Miller2019-fingerflex,jc,0,LogBandPower+Ridge,r2,0.04875503269198682,4,chronological,8470,2120,47,6.992005348205566
Miller2019-fingerflex,jc,0,HighGamma+Ridge,pearson_r,0.33394675052064576,4,chronological,8470,2120,47,6.8605241775512695
Miller2019-fingerflex,jc,0,HighGamma+Ridge,r2,0.07896873358302652,4,chronological,8470,2120,47,6.8605241775512695
Miller2019-fingerflex,jp,0,LogBandPower+Ridge,pearson_r,0.21674771662521178,0,chronological,7437,1861,58,7.543586730957031
Miller2019-fingerflex,jp,0,LogBandPower+Ridge,r2,-0.3154078844828565,0,chronological,7437,1861,58,7.543586730957031
Miller2019-fingerflex,jp,0,HighGamma+Ridge,pearson_r,0.20138711075960938,0,chronological,7437,1861,58,7.394609451293945
Miller2019-fingerflex,jp,0,HighGamma+Ridge,r2,-0.22416010590188978,0,chronological,7437,1861,58,7.394609451293945
Miller2019-fingerflex,jp,0,LogBandPower+Ridge,pearson_r,0.3440139441786521,1,chronological,7428,1861,58,7.535527229309082
Miller2019-fingerflex,jp,0,LogBandPower+Ridge,r2,-0.30922591740469346,1,chronological,7428,1861,58,7.535527229309082
Miller2019-fingerflex,jp,0,HighGamma+Ridge,pearson_r,0.3317092531828198,1,chronological,7428,1861,58,7.389648914337158
Miller2019-fingerflex,jp,0,HighGamma+Ridge,r2,-0.23556648140121697,1,chronological,7428,1861,58,7.389648914337158
Miller2019-fingerflex,jp,0,LogBandPower+Ridge,pearson_r,0.32369109457639683,2,chronological,7427,1862,58,7.533578872680664
Miller2019-fingerflex,jp,0,LogBandPower+Ridge,r2,-0.20619670213763602,2,chronological,7427,1862,58,7.533578872680664
Miller2019-fingerflex,jp,0,HighGamma+Ridge,pearson_r,0.33774295179602287,2,chronological,7427,1862,58,7.386516809463501
Miller2019-fingerflex,jp,0,HighGamma+Ridge,r2,-0.06802081200191272,2,chronological,7427,1862,58,7.386516809463501
Miller2019-fingerflex,jp,0,LogBandPower+Ridge,pearson_r,0.2619421871035313,3,chronological,7428,1861,58,7.543910264968872
Miller2019-fingerflex,jp,0,LogBandPower+Ridge,r2,-0.18516217935151585,3,chronological,7428,1861,58,7.543910264968872
Miller2019-fingerflex,jp,0,HighGamma+Ridge,pearson_r,0.252167252449083,3,chronological,7428,1861,58,7.389071941375732
Miller2019-fingerflex,jp,0,HighGamma+Ridge,r2,-0.08952288901057578,3,chronological,7428,1861,58,7.389071941375732
Miller2019-fingerflex,jp,0,LogBandPower+Ridge,pearson_r,0.33995470116269993,4,chronological,7436,1862,58,7.541858196258545
Miller2019-fingerflex,jp,0,LogBandPower+Ridge,r2,-0.11598807532085283,4,chronological,7436,1862,58,7.541858196258545
Miller2019-fingerflex,jp,0,HighGamma+Ridge,pearson_r,0.32830700503421617,4,chronological,7436,1862,58,7.393803119659424
Miller2019-fingerflex,jp,0,HighGamma+Ridge,r2,-0.08245094199332088,4,chronological,7436,1862,58,7.393803119659424
Miller2019-fingerflex,mv,0,LogBandPower+Ridge,pearson_r,0.20310781959769683,0,chronological,2847,714,43,2.1594631671905518
Miller2019-fingerflex,mv,0,LogBandPower+Ridge,r2,-0.14567605521327281,0,chronological,2847,714,43,2.1594631671905518
Miller2019-fingerflex,mv,0,HighGamma+Ridge,pearson_r,0.247588452766417,0,chronological,2847,714,43,2.1191091537475586
Miller2019-fingerflex,mv,0,HighGamma+Ridge,r2,-0.014212093035338814,0,chronological,2847,714,43,2.1191091537475586
Miller2019-fingerflex,mv,0,LogBandPower+Ridge,pearson_r,0.20428988277661791,1,chronological,2838,714,43,2.150944709777832
Miller2019-fingerflex,mv,0,LogBandPower+Ridge,r2,-0.19277568794860755,1,chronological,2838,714,43,2.150944709777832
Miller2019-fingerflex,mv,0,HighGamma+Ridge,pearson_r,0.27249895044037087,1,chronological,2838,714,43,2.1158015727996826
Miller2019-fingerflex,mv,0,HighGamma+Ridge,r2,0.0062178393940903074,1,chronological,2838,714,43,2.1158015727996826
Miller2019-fingerflex,mv,0,LogBandPower+Ridge,pearson_r,0.2531971129147049,2,chronological,2838,714,43,2.151022434234619
Miller2019-fingerflex,mv,0,LogBandPower+Ridge,r2,-0.23739656369575193,2,chronological,2838,714,43,2.151022434234619
Miller2019-fingerflex,mv,0,HighGamma+Ridge,pearson_r,0.27059849331349906,2,chronological,2838,714,43,2.1140975952148438
Miller2019-fingerflex,mv,0,HighGamma+Ridge,r2,-0.06577732210238366,2,chronological,2838,714,43,2.1140975952148438
Miller2019-fingerflex,mv,0,LogBandPower+Ridge,pearson_r,0.22497235059670356,3,chronological,2838,714,43,2.163652181625366
Miller2019-fingerflex,mv,0,LogBandPower+Ridge,r2,-0.22564359887760643,3,chronological,2838,714,43,2.163652181625366
Miller2019-fingerflex,mv,0,HighGamma+Ridge,pearson_r,0.23877518692989036,3,chronological,2838,714,43,2.1162776947021484
Miller2019-fingerflex,mv,0,HighGamma+Ridge,r2,-0.04604698606845905,3,chronological,2838,714,43,2.1162776947021484
Miller2019-fingerflex,mv,0,LogBandPower+Ridge,pearson_r,0.2221729373154892,4,chronological,2847,714,43,2.1731314659118652
Miller2019-fingerflex,mv,0,LogBandPower+Ridge,r2,-0.08345669085447034,4,chronological,2847,714,43,2.1731314659118652
Miller2019-fingerflex,mv,0,HighGamma+Ridge,pearson_r,0.27498119540939114,4,chronological,2847,714,43,2.120039701461792
Miller2019-fingerflex,mv,0,HighGamma+Ridge,r2,0.029764310895053603,4,chronological,2847,714,43,2.120039701461792
Miller2019-fingerflex,wc,0,LogBandPower+Ridge,pearson_r,0.18723446898733825,0,chronological,9744,2438,64,11.781818389892578
Miller2019-fingerflex,wc,0,LogBandPower+Ridge,r2,-0.15595607733569058,0,chronological,9744,2438,64,11.781818389892578
Miller2019-fingerflex,wc,0,HighGamma+Ridge,pearson_r,0.2061255472730191,0,chronological,9744,2438,64,11.544735193252563
Miller2019-fingerflex,wc,0,HighGamma+Ridge,r2,-0.12111163040309583,0,chronological,9744,2438,64,11.544735193252563
Miller2019-fingerflex,wc,0,LogBandPower+Ridge,pearson_r,0.18777926353046012,1,chronological,9735,2438,64,11.740612030029297
Miller2019-fingerflex,wc,0,LogBandPower+Ridge,r2,-0.16368780708266922,1,chronological,9735,2438,64,11.740612030029297
Miller2019-fingerflex,wc,0,HighGamma+Ridge,pearson_r,0.1866531774875871,1,chronological,9735,2438,64,11.51611614227295
Miller2019-fingerflex,wc,0,HighGamma+Ridge,r2,-0.11146220625094819,1,chronological,9735,2438,64,11.51611614227295
Miller2019-fingerflex,wc,0,LogBandPower+Ridge,pearson_r,0.21533570158719084,2,chronological,9735,2438,64,11.745588064193726
Miller2019-fingerflex,wc,0,LogBandPower+Ridge,r2,-0.07887838054700706,2,chronological,9735,2438,64,11.745588064193726
Miller2019-fingerflex,wc,0,HighGamma+Ridge,pearson_r,0.2069694860062327,2,chronological,9735,2438,64,11.515992403030396
Miller2019-fingerflex,wc,0,HighGamma+Ridge,r2,-0.019232882037870547,2,chronological,9735,2438,64,11.515992403030396
Miller2019-fingerflex,wc,0,LogBandPower+Ridge,pearson_r,0.17579014387123448,3,chronological,9735,2438,64,11.746634483337402
Miller2019-fingerflex,wc,0,LogBandPower+Ridge,r2,-0.20805794065513333,3,chronological,9735,2438,64,11.746634483337402
Miller2019-fingerflex,wc,0,HighGamma+Ridge,pearson_r,0.20023993848608415,3,chronological,9735,2438,64,11.51296067237854
Miller2019-fingerflex,wc,0,HighGamma+Ridge,r2,-0.13363161608746155,3,chronological,9735,2438,64,11.51296067237854
Miller2019-fingerflex,wc,0,LogBandPower+Ridge,pearson_r,0.1722520163866274,4,chronological,9743,2439,64,11.751080751419067
Miller2019-fingerflex,wc,0,LogBandPower+Ridge,r2,-0.30599153483017355,4,chronological,9743,2439,64,11.751080751419067
Miller2019-fingerflex,wc,0,HighGamma+Ridge,pearson_r,0.19967559836618942,4,chronological,9743,2439,64,11.580382585525513
Miller2019-fingerflex,wc,0,HighGamma+Ridge,r2,-0.16058178346919633,4,chronological,9743,2439,64,11.580382585525513
Miller2019-fingerflex,wm,0,LogBandPower+Ridge,pearson_r,0.28090063565811774,0,chronological,7101,1777,38,4.760218858718872
Miller2019-fingerflex,wm,0,LogBandPower+Ridge,r2,-0.26078859272914195,0,chronological,7101,1777,38,4.760218858718872
Miller2019-fingerflex,wm,0,HighGamma+Ridge,pearson_r,0.32446729865572504,0,chronological,7101,1777,38,4.664045810699463
Miller2019-fingerflex,wm,0,HighGamma+Ridge,r2,-0.22510471072701654,0,chronological,7101,1777,38,4.664045810699463
Miller2019-fingerflex,wm,0,LogBandPower+Ridge,pearson_r,0.2419521114918969,1,chronological,7092,1777,38,4.742202043533325
Miller2019-fingerflex,wm,0,LogBandPower+Ridge,r2,-0.1184019296866567,1,chronological,7092,1777,38,4.742202043533325
Miller2019-fingerflex,wm,0,HighGamma+Ridge,pearson_r,0.29820423680692343,1,chronological,7092,1777,38,4.653642892837524
Miller2019-fingerflex,wm,0,HighGamma+Ridge,r2,-0.0507983975839265,1,chronological,7092,1777,38,4.653642892837524
Miller2019-fingerflex,wm,0,LogBandPower+Ridge,pearson_r,0.1843576289253883,2,chronological,7091,1778,38,4.739805698394775
Miller2019-fingerflex,wm,0,LogBandPower+Ridge,r2,-0.7216752582629027,2,chronological,7091,1778,38,4.739805698394775
Miller2019-fingerflex,wm,0,HighGamma+Ridge,pearson_r,0.1883397191484108,2,chronological,7091,1778,38,4.651482820510864
Miller2019-fingerflex,wm,0,HighGamma+Ridge,r2,-0.5533572129834387,2,chronological,7091,1778,38,4.651482820510864
Miller2019-fingerflex,wm,0,LogBandPower+Ridge,pearson_r,0.1737752534594525,3,chronological,7092,1777,38,4.743516445159912
Miller2019-fingerflex,wm,0,LogBandPower+Ridge,r2,-1.4330986154354421,3,chronological,7092,1777,38,4.743516445159912
Miller2019-fingerflex,wm,0,HighGamma+Ridge,pearson_r,0.18741591677492248,3,chronological,7092,1777,38,4.656445026397705
Miller2019-fingerflex,wm,0,HighGamma+Ridge,r2,-1.243686939909647,3,chronological,7092,1777,38,4.656445026397705
Miller2019-fingerflex,wm,0,LogBandPower+Ridge,pearson_r,0.03840289315045532,4,chronological,7100,1778,38,4.773980379104614
Miller2019-fingerflex,wm,0,LogBandPower+Ridge,r2,-3.2837574359102772,4,chronological,7100,1778,38,4.773980379104614
Miller2019-fingerflex,wm,0,HighGamma+Ridge,pearson_r,0.08058211999054804,4,chronological,7100,1778,38,4.666882276535034
Miller2019-fingerflex,wm,0,HighGamma+Ridge,r2,-3.3358543739267263,4,chronological,7100,1778,38,4.666882276535034
Miller2019-fingerflex,zt,0,LogBandPower+Ridge,pearson_r,0.2701537562826345,0,chronological,9744,2438,61,11.059739351272583
Miller2019-fingerflex,zt,0,LogBandPower+Ridge,r2,-0.04869922749170556,0,chronological,9744,2438,61,11.059739351272583
Miller2019-fingerflex,zt,0,HighGamma+Ridge,pearson_r,0.2899264235600288,0,chronological,9744,2438,61,10.838446140289307
Miller2019-fingerflex,zt,0,HighGamma+Ridge,r2,-0.012538802559501483,0,chronological,9744,2438,61,10.838446140289307
Miller2019-fingerflex,zt,0,LogBandPower+Ridge,pearson_r,0.2783764778287556,1,chronological,9735,2438,61,11.011645078659058
Miller2019-fingerflex,zt,0,LogBandPower+Ridge,r2,-0.04477459067730882,1,chronological,9735,2438,61,11.011645078659058
Miller2019-fingerflex,zt,0,HighGamma+Ridge,pearson_r,0.30592810068987836,1,chronological,9735,2438,61,10.829012632369995
Miller2019-fingerflex,zt,0,HighGamma+Ridge,r2,0.0008138481887598025,1,chronological,9735,2438,61,10.829012632369995
Miller2019-fingerflex,zt,0,LogBandPower+Ridge,pearson_r,0.23671205183328564,2,chronological,9735,2438,61,11.027985095977783
Miller2019-fingerflex,zt,0,LogBandPower+Ridge,r2,-0.04705234554118139,2,chronological,9735,2438,61,11.027985095977783
Miller2019-fingerflex,zt,0,HighGamma+Ridge,pearson_r,0.2728187110913676,2,chronological,9735,2438,61,10.83308720588684
Miller2019-fingerflex,zt,0,HighGamma+Ridge,r2,0.03464979527524679,2,chronological,9735,2438,61,10.83308720588684
Miller2019-fingerflex,zt,0,LogBandPower+Ridge,pearson_r,0.2753588647028494,3,chronological,9735,2438,61,11.030246019363403
Miller2019-fingerflex,zt,0,LogBandPower+Ridge,r2,-0.048565401195949987,3,chronological,9735,2438,61,11.030246019363403
Miller2019-fingerflex,zt,0,HighGamma+Ridge,pearson_r,0.3138161922411077,3,chronological,9735,2438,61,10.823722124099731
Miller2019-fingerflex,zt,0,HighGamma+Ridge,r2,0.033989923323469194,3,chronological,9735,2438,61,10.823722124099731
Miller2019-fingerflex,zt,0,LogBandPower+Ridge,pearson_r,0.3141313737036286,4,chronological,9743,2439,61,11.044015169143677
Miller2019-fingerflex,zt,0,LogBandPower+Ridge,r2,-0.0665781185242514,4,chronological,9743,2439,61,11.044015169143677
Miller2019-fingerflex,zt,0,HighGamma+Ridge,pearson_r,0.34470287632719304,4,chronological,9743,2439,61,10.837942123413086
Miller2019-fingerflex,zt,0,HighGamma+Ridge,r2,-0.020679630195818022,4,chronological,9743,2439,61,10.837942123413086
