dataset,subject,session,pipeline,metric,score,fold,n_train,n_test,n_channels,time
Miller2019-imagery_basic,bp,mot,HighGamma+LDA,accuracy,1.0,0,48,12,46,0.3318967819213867
Miller2019-imagery_basic,bp,mot,HighGamma+LDA,balanced_accuracy,1.0,0,48,12,46,0.3318967819213867
Miller2019-imagery_basic,bp,mot,HighGamma+LDA,kappa,1.0,0,48,12,46,0.3318967819213867
Miller2019-imagery_basic,bp,mot,HighGamma+LDA,accuracy,1.0,1,48,12,46,0.33374738693237305
Miller2019-imagery_basic,bp,mot,HighGamma+LDA,balanced_accuracy,1.0,1,48,12,46,0.33374738693237305
Miller2019-imagery_basic,bp,mot,HighGamma+LDA,kappa,1.0,1,48,12,46,0.33374738693237305
Miller2019-imagery_basic,bp,mot,HighGamma+LDA,accuracy,1.0,2,48,12,46,0.34418821334838867
Miller2019-imagery_basic,bp,mot,HighGamma+LDA,balanced_accuracy,1.0,2,48,12,46,0.34418821334838867
Miller2019-imagery_basic,bp,mot,HighGamma+LDA,kappa,1.0,2,48,12,46,0.34418821334838867
Miller2019-imagery_basic,bp,mot,HighGamma+LDA,accuracy,1.0,3,48,12,46,0.33229947090148926
Miller2019-imagery_basic,bp,mot,HighGamma+LDA,balanced_accuracy,1.0,3,48,12,46,0.33229947090148926
Miller2019-imagery_basic,bp,mot,HighGamma+LDA,kappa,1.0,3,48,12,46,0.33229947090148926
Miller2019-imagery_basic,bp,mot,HighGamma+LDA,accuracy,0.9166666666666666,4,48,12,46,0.3380239009857178
Miller2019-imagery_basic,bp,mot,HighGamma+LDA,balanced_accuracy,0.9166666666666667,4,48,12,46,0.3380239009857178
Miller2019-imagery_basic,bp,mot,HighGamma+LDA,kappa,0.8333333333333334,4,48,12,46,0.3380239009857178
Miller2019-imagery_basic,bp,im,HighGamma+LDA,accuracy,0.5,0,48,12,46,0.3383917808532715
Miller2019-imagery_basic,bp,im,HighGamma+LDA,balanced_accuracy,0.4571428571428572,0,48,12,46,0.3383917808532715
Miller2019-imagery_basic,bp,im,HighGamma+LDA,kappa,-0.09090909090909083,0,48,12,46,0.3383917808532715
Miller2019-imagery_basic,bp,im,HighGamma+LDA,accuracy,0.4166666666666667,1,48,12,46,0.3357706069946289
Miller2019-imagery_basic,bp,im,HighGamma+LDA,balanced_accuracy,0.41428571428571426,1,48,12,46,0.3357706069946289
Miller2019-imagery_basic,bp,im,HighGamma+LDA,kappa,-0.16666666666666674,1,48,12,46,0.3357706069946289
Miller2019-imagery_basic,bp,im,HighGamma+LDA,accuracy,0.5833333333333334,2,48,12,46,0.33927273750305176
Miller2019-imagery_basic,bp,im,HighGamma+LDA,balanced_accuracy,0.5625,2,48,12,46,0.33927273750305176
Miller2019-imagery_basic,bp,im,HighGamma+LDA,kappa,0.11764705882352944,2,48,12,46,0.33927273750305176
Miller2019-imagery_basic,bp,im,HighGamma+LDA,accuracy,0.5,3,48,12,46,0.341357946395874
Miller2019-imagery_basic,bp,im,HighGamma+LDA,balanced_accuracy,0.5,3,48,12,46,0.341357946395874
Miller2019-imagery_basic,bp,im,HighGamma+LDA,kappa,0.0,3,48,12,46,0.341357946395874
Miller2019-imagery_basic,bp,im,HighGamma+LDA,accuracy,0.8333333333333334,4,48,12,46,0.33712339401245117
Miller2019-imagery_basic,bp,im,HighGamma+LDA,balanced_accuracy,0.8333333333333333,4,48,12,46,0.33712339401245117
Miller2019-imagery_basic,bp,im,HighGamma+LDA,kappa,0.6666666666666667,4,48,12,46,0.33712339401245117
Miller2019-imagery_basic,fp,mot,HighGamma+LDA,accuracy,0.9166666666666666,0,48,12,64,0.46639060974121094
Miller2019-imagery_basic,fp,mot,HighGamma+LDA,balanced_accuracy,0.9285714285714286,0,48,12,64,0.46639060974121094
Miller2019-imagery_basic,fp,mot,HighGamma+LDA,kappa,0.8333333333333334,0,48,12,64,0.46639060974121094
Miller2019-imagery_basic,fp,mot,HighGamma+LDA,accuracy,1.0,1,48,12,64,0.45970988273620605
Miller2019-imagery_basic,fp,mot,HighGamma+LDA,balanced_accuracy,1.0,1,48,12,64,0.45970988273620605
Miller2019-imagery_basic,fp,mot,HighGamma+LDA,kappa,1.0,1,48,12,64,0.45970988273620605
Miller2019-imagery_basic,fp,mot,HighGamma+LDA,accuracy,1.0,2,48,12,64,0.46294689178466797
Miller2019-imagery_basic,fp,mot,HighGamma+LDA,balanced_accuracy,1.0,2,48,12,64,0.46294689178466797
Miller2019-imagery_basic,fp,mot,HighGamma+LDA,kappa,1.0,2,48,12,64,0.46294689178466797
Miller2019-imagery_basic,fp,mot,HighGamma+LDA,accuracy,1.0,3,48,12,64,0.4684455394744873
Miller2019-imagery_basic,fp,mot,HighGamma+LDA,balanced_accuracy,1.0,3,48,12,64,0.4684455394744873
Miller2019-imagery_basic,fp,mot,HighGamma+LDA,kappa,1.0,3,48,12,64,0.4684455394744873
Miller2019-imagery_basic,fp,mot,HighGamma+LDA,accuracy,0.8333333333333334,4,48,12,64,0.46753931045532227
Miller2019-imagery_basic,fp,mot,HighGamma+LDA,balanced_accuracy,0.875,4,48,12,64,0.46753931045532227
Miller2019-imagery_basic,fp,mot,HighGamma+LDA,kappa,0.6666666666666667,4,48,12,64,0.46753931045532227
Miller2019-imagery_basic,fp,im,HighGamma+LDA,accuracy,0.8333333333333334,0,48,12,64,0.4656486511230469
Miller2019-imagery_basic,fp,im,HighGamma+LDA,balanced_accuracy,0.8571428571428572,0,48,12,64,0.4656486511230469
Miller2019-imagery_basic,fp,im,HighGamma+LDA,kappa,0.6756756756756757,0,48,12,64,0.4656486511230469
Miller2019-imagery_basic,fp,im,HighGamma+LDA,accuracy,0.6666666666666666,1,48,12,64,0.4639904499053955
Miller2019-imagery_basic,fp,im,HighGamma+LDA,balanced_accuracy,0.6571428571428571,1,48,12,64,0.4639904499053955
Miller2019-imagery_basic,fp,im,HighGamma+LDA,kappa,0.3142857142857143,1,48,12,64,0.4639904499053955
Miller2019-imagery_basic,fp,im,HighGamma+LDA,accuracy,0.5833333333333334,2,48,12,64,0.4693028926849365
Miller2019-imagery_basic,fp,im,HighGamma+LDA,balanced_accuracy,0.7222222222222222,2,48,12,64,0.4693028926849365
Miller2019-imagery_basic,fp,im,HighGamma+LDA,kappa,0.2857142857142857,2,48,12,64,0.4693028926849365
Miller2019-imagery_basic,fp,im,HighGamma+LDA,accuracy,0.6666666666666666,3,48,12,64,0.4644660949707031
Miller2019-imagery_basic,fp,im,HighGamma+LDA,balanced_accuracy,0.7142857142857143,3,48,12,64,0.4644660949707031
Miller2019-imagery_basic,fp,im,HighGamma+LDA,kappa,0.3846153846153846,3,48,12,64,0.4644660949707031
Miller2019-imagery_basic,fp,im,HighGamma+LDA,accuracy,0.75,4,48,12,64,0.4743211269378662
Miller2019-imagery_basic,fp,im,HighGamma+LDA,balanced_accuracy,0.75,4,48,12,64,0.4743211269378662
Miller2019-imagery_basic,fp,im,HighGamma+LDA,kappa,0.5,4,48,12,64,0.4743211269378662
Miller2019-imagery_basic,hh,mot,HighGamma+LDA,accuracy,1.0,0,48,12,48,0.3545835018157959
Miller2019-imagery_basic,hh,mot,HighGamma+LDA,balanced_accuracy,1.0,0,48,12,48,0.3545835018157959
Miller2019-imagery_basic,hh,mot,HighGamma+LDA,kappa,1.0,0,48,12,48,0.3545835018157959
Miller2019-imagery_basic,hh,mot,HighGamma+LDA,accuracy,0.75,1,48,12,48,0.3513956069946289
Miller2019-imagery_basic,hh,mot,HighGamma+LDA,balanced_accuracy,0.7285714285714285,1,48,12,48,0.3513956069946289
Miller2019-imagery_basic,hh,mot,HighGamma+LDA,kappa,0.47058823529411764,1,48,12,48,0.3513956069946289
Miller2019-imagery_basic,hh,mot,HighGamma+LDA,accuracy,0.75,2,48,12,48,0.35234880447387695
Miller2019-imagery_basic,hh,mot,HighGamma+LDA,balanced_accuracy,0.8125,2,48,12,48,0.35234880447387695
Miller2019-imagery_basic,hh,mot,HighGamma+LDA,kappa,0.5263157894736843,2,48,12,48,0.35234880447387695
Miller2019-imagery_basic,hh,mot,HighGamma+LDA,accuracy,0.9166666666666666,3,48,12,48,0.3581960201263428
Miller2019-imagery_basic,hh,mot,HighGamma+LDA,balanced_accuracy,0.9,3,48,12,48,0.3581960201263428
Miller2019-imagery_basic,hh,mot,HighGamma+LDA,kappa,0.8235294117647058,3,48,12,48,0.3581960201263428
Miller2019-imagery_basic,hh,mot,HighGamma+LDA,accuracy,0.75,4,48,12,48,0.3563976287841797
Miller2019-imagery_basic,hh,mot,HighGamma+LDA,balanced_accuracy,0.8333333333333333,4,48,12,48,0.3563976287841797
Miller2019-imagery_basic,hh,mot,HighGamma+LDA,kappa,0.5,4,48,12,48,0.3563976287841797
Miller2019-imagery_basic,hh,im,HighGamma+LDA,accuracy,0.75,0,48,12,48,0.3555419445037842
Miller2019-imagery_basic,hh,im,HighGamma+LDA,balanced_accuracy,0.7571428571428571,0,48,12,48,0.3555419445037842
Miller2019-imagery_basic,hh,im,HighGamma+LDA,kappa,0.5,0,48,12,48,0.3555419445037842
Miller2019-imagery_basic,hh,im,HighGamma+LDA,accuracy,0.9166666666666666,1,48,12,48,0.35092830657958984
Miller2019-imagery_basic,hh,im,HighGamma+LDA,balanced_accuracy,0.9166666666666667,1,48,12,48,0.35092830657958984
Miller2019-imagery_basic,hh,im,HighGamma+LDA,kappa,0.8333333333333334,1,48,12,48,0.35092830657958984
Miller2019-imagery_basic,hh,im,HighGamma+LDA,accuracy,0.6666666666666666,2,48,12,48,0.3612198829650879
Miller2019-imagery_basic,hh,im,HighGamma+LDA,balanced_accuracy,0.6666666666666666,2,48,12,48,0.3612198829650879
Miller2019-imagery_basic,hh,im,HighGamma+LDA,kappa,0.33333333333333337,2,48,12,48,0.3612198829650879
Miller2019-imagery_basic,hh,im,HighGamma+LDA,accuracy,0.5833333333333334,3,48,12,48,0.3548581600189209
Miller2019-imagery_basic,hh,im,HighGamma+LDA,balanced_accuracy,0.5571428571428572,3,48,12,48,0.3548581600189209
Miller2019-imagery_basic,hh,im,HighGamma+LDA,kappa,0.11764705882352944,3,48,12,48,0.3548581600189209
Miller2019-imagery_basic,hh,im,HighGamma+LDA,accuracy,0.5833333333333334,4,48,12,48,0.35501623153686523
Miller2019-imagery_basic,hh,im,HighGamma+LDA,balanced_accuracy,0.5833333333333333,4,48,12,48,0.35501623153686523
Miller2019-imagery_basic,hh,im,HighGamma+LDA,kappa,0.16666666666666663,4,48,12,48,0.35501623153686523
Miller2019-imagery_basic,jc,mot,HighGamma+LDA,accuracy,1.0,0,48,12,48,0.3546452522277832
Miller2019-imagery_basic,jc,mot,HighGamma+LDA,balanced_accuracy,1.0,0,48,12,48,0.3546452522277832
Miller2019-imagery_basic,jc,mot,HighGamma+LDA,kappa,1.0,0,48,12,48,0.3546452522277832
Miller2019-imagery_basic,jc,mot,HighGamma+LDA,accuracy,1.0,1,48,12,48,0.3542366027832031
Miller2019-imagery_basic,jc,mot,HighGamma+LDA,balanced_accuracy,1.0,1,48,12,48,0.3542366027832031
Miller2019-imagery_basic,jc,mot,HighGamma+LDA,kappa,1.0,1,48,12,48,0.3542366027832031
Miller2019-imagery_basic,jc,mot,HighGamma+LDA,accuracy,1.0,2,48,12,48,0.35579609870910645
Miller2019-imagery_basic,jc,mot,HighGamma+LDA,balanced_accuracy,1.0,2,48,12,48,0.35579609870910645
Miller2019-imagery_basic,jc,mot,HighGamma+LDA,kappa,1.0,2,48,12,48,0.35579609870910645
Miller2019-imagery_basic,jc,mot,HighGamma+LDA,accuracy,1.0,3,48,12,48,0.355823278427124
Miller2019-imagery_basic,jc,mot,HighGamma+LDA,balanced_accuracy,1.0,3,48,12,48,0.355823278427124
Miller2019-imagery_basic,jc,mot,HighGamma+LDA,kappa,1.0,3,48,12,48,0.355823278427124
Miller2019-imagery_basic,jc,mot,HighGamma+LDA,accuracy,1.0,4,48,12,48,0.3523094654083252
Miller2019-imagery_basic,jc,mot,HighGamma+LDA,balanced_accuracy,1.0,4,48,12,48,0.3523094654083252
Miller2019-imagery_basic,jc,mot,HighGamma+LDA,kappa,1.0,4,48,12,48,0.3523094654083252
Miller2019-imagery_basic,jc,im,HighGamma+LDA,accuracy,0.9166666666666666,0,48,12,48,0.35527992248535156
Miller2019-imagery_basic,jc,im,HighGamma+LDA,balanced_accuracy,0.9285714285714286,0,48,12,48,0.35527992248535156
Miller2019-imagery_basic,jc,im,HighGamma+LDA,kappa,0.8333333333333334,0,48,12,48,0.35527992248535156
Miller2019-imagery_basic,jc,im,HighGamma+LDA,accuracy,0.9166666666666666,1,48,12,48,0.3581850528717041
Miller2019-imagery_basic,jc,im,HighGamma+LDA,balanced_accuracy,0.9,1,48,12,48,0.3581850528717041
Miller2019-imagery_basic,jc,im,HighGamma+LDA,kappa,0.8235294117647058,1,48,12,48,0.3581850528717041
Miller2019-imagery_basic,jc,im,HighGamma+LDA,accuracy,1.0,2,48,12,48,0.35662007331848145
Miller2019-imagery_basic,jc,im,HighGamma+LDA,balanced_accuracy,1.0,2,48,12,48,0.35662007331848145
Miller2019-imagery_basic,jc,im,HighGamma+LDA,kappa,1.0,2,48,12,48,0.35662007331848145
Miller2019-imagery_basic,jc,im,HighGamma+LDA,accuracy,0.8333333333333334,3,48,12,48,0.35979700088500977
Miller2019-imagery_basic,jc,im,HighGamma+LDA,balanced_accuracy,0.8285714285714285,3,48,12,48,0.35979700088500977
Miller2019-imagery_basic,jc,im,HighGamma+LDA,kappa,0.6571428571428571,3,48,12,48,0.35979700088500977
Miller2019-imagery_basic,jc,im,HighGamma+LDA,accuracy,0.8333333333333334,4,48,12,48,0.35735154151916504
Miller2019-imagery_basic,jc,im,HighGamma+LDA,balanced_accuracy,0.8285714285714285,4,48,12,48,0.35735154151916504
Miller2019-imagery_basic,jc,im,HighGamma+LDA,kappa,0.6571428571428571,4,48,12,48,0.35735154151916504
Miller2019-imagery_basic,jm,mot,HighGamma+LDA,accuracy,0.9166666666666666,0,48,12,64,0.4698667526245117
Miller2019-imagery_basic,jm,mot,HighGamma+LDA,balanced_accuracy,0.9375,0,48,12,64,0.4698667526245117
Miller2019-imagery_basic,jm,mot,HighGamma+LDA,kappa,0.8235294117647058,0,48,12,64,0.4698667526245117
Miller2019-imagery_basic,jm,mot,HighGamma+LDA,accuracy,0.9166666666666666,1,48,12,64,0.47196459770202637
Miller2019-imagery_basic,jm,mot,HighGamma+LDA,balanced_accuracy,0.9285714285714286,1,48,12,64,0.47196459770202637
Miller2019-imagery_basic,jm,mot,HighGamma+LDA,kappa,0.8333333333333334,1,48,12,64,0.47196459770202637
Miller2019-imagery_basic,jm,mot,HighGamma+LDA,accuracy,1.0,2,48,12,64,0.47017908096313477
Miller2019-imagery_basic,jm,mot,HighGamma+LDA,balanced_accuracy,1.0,2,48,12,64,0.47017908096313477
Miller2019-imagery_basic,jm,mot,HighGamma+LDA,kappa,1.0,2,48,12,64,0.47017908096313477
Miller2019-imagery_basic,jm,mot,HighGamma+LDA,accuracy,0.9166666666666666,3,48,12,64,0.46814441680908203
Miller2019-imagery_basic,jm,mot,HighGamma+LDA,balanced_accuracy,0.9285714285714286,3,48,12,64,0.46814441680908203
Miller2019-imagery_basic,jm,mot,HighGamma+LDA,kappa,0.8333333333333334,3,48,12,64,0.46814441680908203
Miller2019-imagery_basic,jm,mot,HighGamma+LDA,accuracy,0.8333333333333334,4,48,12,64,0.4705016613006592
Miller2019-imagery_basic,jm,mot,HighGamma+LDA,balanced_accuracy,0.8125,4,48,12,64,0.4705016613006592
Miller2019-imagery_basic,jm,mot,HighGamma+LDA,kappa,0.625,4,48,12,64,0.4705016613006592
Miller2019-imagery_basic,jm,im,HighGamma+LDA,accuracy,0.6666666666666666,0,48,12,64,0.46757006645202637
Miller2019-imagery_basic,jm,im,HighGamma+LDA,balanced_accuracy,0.6571428571428571,0,48,12,64,0.46757006645202637
Miller2019-imagery_basic,jm,im,HighGamma+LDA,kappa,0.3142857142857143,0,48,12,64,0.46757006645202637
Miller2019-imagery_basic,jm,im,HighGamma+LDA,accuracy,0.5,1,48,12,64,0.47278332710266113
Miller2019-imagery_basic,jm,im,HighGamma+LDA,balanced_accuracy,0.5428571428571429,1,48,12,64,0.47278332710266113
Miller2019-imagery_basic,jm,im,HighGamma+LDA,kappa,0.07692307692307687,1,48,12,64,0.47278332710266113
Miller2019-imagery_basic,jm,im,HighGamma+LDA,accuracy,0.8333333333333334,2,48,12,64,0.47082066535949707
Miller2019-imagery_basic,jm,im,HighGamma+LDA,balanced_accuracy,0.8333333333333334,2,48,12,64,0.47082066535949707
Miller2019-imagery_basic,jm,im,HighGamma+LDA,kappa,0.6666666666666667,2,48,12,64,0.47082066535949707
Miller2019-imagery_basic,jm,im,HighGamma+LDA,accuracy,0.8333333333333334,3,48,12,64,0.4643888473510742
Miller2019-imagery_basic,jm,im,HighGamma+LDA,balanced_accuracy,0.8333333333333334,3,48,12,64,0.4643888473510742
Miller2019-imagery_basic,jm,im,HighGamma+LDA,kappa,0.6666666666666667,3,48,12,64,0.4643888473510742
Miller2019-imagery_basic,jm,im,HighGamma+LDA,accuracy,0.9166666666666666,4,48,12,64,0.47095704078674316
Miller2019-imagery_basic,jm,im,HighGamma+LDA,balanced_accuracy,0.9166666666666667,4,48,12,64,0.47095704078674316
Miller2019-imagery_basic,jm,im,HighGamma+LDA,kappa,0.8333333333333334,4,48,12,64,0.47095704078674316
Miller2019-imagery_basic,rh,mot,HighGamma+LDA,accuracy,0.9166666666666666,0,48,12,64,0.46640849113464355
Miller2019-imagery_basic,rh,mot,HighGamma+LDA,balanced_accuracy,0.9375,0,48,12,64,0.46640849113464355
Miller2019-imagery_basic,rh,mot,HighGamma+LDA,kappa,0.8235294117647058,0,48,12,64,0.46640849113464355
Miller2019-imagery_basic,rh,mot,HighGamma+LDA,accuracy,0.9166666666666666,1,48,12,64,0.4703495502471924
Miller2019-imagery_basic,rh,mot,HighGamma+LDA,balanced_accuracy,0.9285714285714286,1,48,12,64,0.4703495502471924
Miller2019-imagery_basic,rh,mot,HighGamma+LDA,kappa,0.8333333333333334,1,48,12,64,0.4703495502471924
Miller2019-imagery_basic,rh,mot,HighGamma+LDA,accuracy,1.0,2,48,12,64,0.4709770679473877
Miller2019-imagery_basic,rh,mot,HighGamma+LDA,balanced_accuracy,1.0,2,48,12,64,0.4709770679473877
Miller2019-imagery_basic,rh,mot,HighGamma+LDA,kappa,1.0,2,48,12,64,0.4709770679473877
Miller2019-imagery_basic,rh,mot,HighGamma+LDA,accuracy,1.0,3,48,12,64,0.4764373302459717
Miller2019-imagery_basic,rh,mot,HighGamma+LDA,balanced_accuracy,1.0,3,48,12,64,0.4764373302459717
Miller2019-imagery_basic,rh,mot,HighGamma+LDA,kappa,1.0,3,48,12,64,0.4764373302459717
Miller2019-imagery_basic,rh,mot,HighGamma+LDA,accuracy,0.9166666666666666,4,48,12,64,0.4734976291656494
Miller2019-imagery_basic,rh,mot,HighGamma+LDA,balanced_accuracy,0.9166666666666667,4,48,12,64,0.4734976291656494
Miller2019-imagery_basic,rh,mot,HighGamma+LDA,kappa,0.8333333333333334,4,48,12,64,0.4734976291656494
Miller2019-imagery_basic,rh,im,HighGamma+LDA,accuracy,0.8333333333333334,0,48,12,64,0.47120165824890137
Miller2019-imagery_basic,rh,im,HighGamma+LDA,balanced_accuracy,0.8,0,48,12,64,0.47120165824890137
Miller2019-imagery_basic,rh,im,HighGamma+LDA,kappa,0.6363636363636364,0,48,12,64,0.47120165824890137
Miller2019-imagery_basic,rh,im,HighGamma+LDA,accuracy,0.6666666666666666,1,48,12,64,0.47120165824890137
Miller2019-imagery_basic,rh,im,HighGamma+LDA,balanced_accuracy,0.6857142857142857,1,48,12,64,0.47120165824890137
Miller2019-imagery_basic,rh,im,HighGamma+LDA,kappa,0.3513513513513513,1,48,12,64,0.47120165824890137
Miller2019-imagery_basic,rh,im,HighGamma+LDA,accuracy,0.6666666666666666,2,48,12,64,0.46253108978271484
Miller2019-imagery_basic,rh,im,HighGamma+LDA,balanced_accuracy,0.7142857142857143,2,48,12,64,0.46253108978271484
Miller2019-imagery_basic,rh,im,HighGamma+LDA,kappa,0.3846153846153846,2,48,12,64,0.46253108978271484
Miller2019-imagery_basic,rh,im,HighGamma+LDA,accuracy,0.8333333333333334,3,48,12,64,0.47499704360961914
Miller2019-imagery_basic,rh,im,HighGamma+LDA,balanced_accuracy,0.8333333333333334,3,48,12,64,0.47499704360961914
Miller2019-imagery_basic,rh,im,HighGamma+LDA,kappa,0.6666666666666667,3,48,12,64,0.47499704360961914
Miller2019-imagery_basic,rh,im,HighGamma+LDA,accuracy,0.4166666666666667,4,48,12,64,0.47229433059692383
Miller2019-imagery_basic,rh,im,HighGamma+LDA,balanced_accuracy,0.35714285714285715,4,48,12,64,0.47229433059692383
Miller2019-imagery_basic,rh,im,HighGamma+LDA,kappa,-0.3124999999999998,4,48,12,64,0.47229433059692383
Miller2019-imagery_basic,rr,mot,HighGamma+LDA,accuracy,1.0,0,48,12,64,0.47049975395202637
Miller2019-imagery_basic,rr,mot,HighGamma+LDA,balanced_accuracy,1.0,0,48,12,64,0.47049975395202637
Miller2019-imagery_basic,rr,mot,HighGamma+LDA,kappa,1.0,0,48,12,64,0.47049975395202637
Miller2019-imagery_basic,rr,mot,HighGamma+LDA,accuracy,1.0,1,48,12,64,0.4686014652252197
Miller2019-imagery_basic,rr,mot,HighGamma+LDA,balanced_accuracy,1.0,1,48,12,64,0.4686014652252197
Miller2019-imagery_basic,rr,mot,HighGamma+LDA,kappa,1.0,1,48,12,64,0.4686014652252197
Miller2019-imagery_basic,rr,mot,HighGamma+LDA,accuracy,1.0,2,48,12,64,0.46660327911376953
Miller2019-imagery_basic,rr,mot,HighGamma+LDA,balanced_accuracy,1.0,2,48,12,64,0.46660327911376953
Miller2019-imagery_basic,rr,mot,HighGamma+LDA,kappa,1.0,2,48,12,64,0.46660327911376953
Miller2019-imagery_basic,rr,mot,HighGamma+LDA,accuracy,1.0,3,48,12,64,0.4660770893096924
Miller2019-imagery_basic,rr,mot,HighGamma+LDA,balanced_accuracy,1.0,3,48,12,64,0.4660770893096924
Miller2019-imagery_basic,rr,mot,HighGamma+LDA,kappa,1.0,3,48,12,64,0.4660770893096924
Miller2019-imagery_basic,rr,mot,HighGamma+LDA,accuracy,1.0,4,48,12,64,0.4619870185852051
Miller2019-imagery_basic,rr,mot,HighGamma+LDA,balanced_accuracy,1.0,4,48,12,64,0.4619870185852051
Miller2019-imagery_basic,rr,mot,HighGamma+LDA,kappa,1.0,4,48,12,64,0.4619870185852051
Miller2019-imagery_basic,rr,im,HighGamma+LDA,accuracy,0.6666666666666666,0,48,12,64,0.46789050102233887
Miller2019-imagery_basic,rr,im,HighGamma+LDA,balanced_accuracy,0.6666666666666667,0,48,12,64,0.46789050102233887
Miller2019-imagery_basic,rr,im,HighGamma+LDA,kappa,0.33333333333333337,0,48,12,64,0.46789050102233887
Miller2019-imagery_basic,rr,im,HighGamma+LDA,accuracy,0.5833333333333334,1,48,12,64,0.46425747871398926
Miller2019-imagery_basic,rr,im,HighGamma+LDA,balanced_accuracy,0.5833333333333333,1,48,12,64,0.46425747871398926
Miller2019-imagery_basic,rr,im,HighGamma+LDA,kappa,0.16666666666666663,1,48,12,64,0.46425747871398926
Miller2019-imagery_basic,rr,im,HighGamma+LDA,accuracy,0.5833333333333334,2,48,12,64,0.46480703353881836
Miller2019-imagery_basic,rr,im,HighGamma+LDA,balanced_accuracy,0.5833333333333333,2,48,12,64,0.46480703353881836
Miller2019-imagery_basic,rr,im,HighGamma+LDA,kappa,0.16666666666666663,2,48,12,64,0.46480703353881836
Miller2019-imagery_basic,rr,im,HighGamma+LDA,accuracy,0.5833333333333334,3,48,12,64,0.4710249900817871
Miller2019-imagery_basic,rr,im,HighGamma+LDA,balanced_accuracy,0.6142857142857143,3,48,12,64,0.4710249900817871
Miller2019-imagery_basic,rr,im,HighGamma+LDA,kappa,0.21052631578947378,3,48,12,64,0.4710249900817871
Miller2019-imagery_basic,rr,im,HighGamma+LDA,accuracy,0.9166666666666666,4,48,12,64,0.4732794761657715
Miller2019-imagery_basic,rr,im,HighGamma+LDA,balanced_accuracy,0.9285714285714286,4,48,12,64,0.4732794761657715
Miller2019-imagery_basic,rr,im,HighGamma+LDA,kappa,0.8333333333333334,4,48,12,64,0.4732794761657715
