dataset,subject,session,pipeline,metric,score,fold,fold_policy,n_train,n_test,n_channels,time,pipeline_digest,paradigm_digest,evaluation,moecog_version,computed_at,train_fraction
Miller2019-fingerflex,bp,0,HighGamma + Ridge,pearson_r,0.3190490781194731,0,chronological,9744,2438,46,17.756965160369873,d64858d8d288,9e58c68252ca,within_subject,0.3.0.dev0,2026-09-10T20:26:31,
Miller2019-fingerflex,bp,0,HighGamma + Ridge,r2,-0.0940981460793653,0,chronological,9744,2438,46,17.756965160369873,d64858d8d288,9e58c68252ca,within_subject,0.3.0.dev0,2026-09-10T20:26:31,
Miller2019-fingerflex,bp,0,LogBandPower + Ridge,pearson_r,0.3015352557791534,0,chronological,9744,2438,46,15.403512239456177,a92d25ac87e2,9e58c68252ca,within_subject,0.3.0.dev0,2026-09-10T20:26:31,
Miller2019-fingerflex,bp,0,LogBandPower + Ridge,r2,-0.0940368775238783,0,chronological,9744,2438,46,15.403512239456177,a92d25ac87e2,9e58c68252ca,within_subject,0.3.0.dev0,2026-09-10T20:26:31,
Miller2019-fingerflex,bp,0,HighGamma + Ridge,pearson_r,0.3452646624511718,1,chronological,9735,2438,46,15.260305881500244,d64858d8d288,9e58c68252ca,within_subject,0.3.0.dev0,2026-09-10T20:26:31,
Miller2019-fingerflex,bp,0,HighGamma + Ridge,r2,0.0331659689960189,1,chronological,9735,2438,46,15.260305881500244,d64858d8d288,9e58c68252ca,within_subject,0.3.0.dev0,2026-09-10T20:26:31,
Miller2019-fingerflex,bp,0,LogBandPower + Ridge,pearson_r,0.3036548846816722,1,chronological,9735,2438,46,14.731542825698853,a92d25ac87e2,9e58c68252ca,within_subject,0.3.0.dev0,2026-09-10T20:26:31,
Miller2019-fingerflex,bp,0,LogBandPower + Ridge,r2,-0.0233358448676723,1,chronological,9735,2438,46,14.731542825698853,a92d25ac87e2,9e58c68252ca,within_subject,0.3.0.dev0,2026-09-10T20:26:31,
Miller2019-fingerflex,bp,0,HighGamma + Ridge,pearson_r,0.2768697214098921,2,chronological,9735,2438,46,15.093071699142456,d64858d8d288,9e58c68252ca,within_subject,0.3.0.dev0,2026-09-10T20:26:31,
Miller2019-fingerflex,bp,0,HighGamma + Ridge,r2,0.024409161161523,2,chronological,9735,2438,46,15.093071699142456,d64858d8d288,9e58c68252ca,within_subject,0.3.0.dev0,2026-09-10T20:26:31,
Miller2019-fingerflex,bp,0,LogBandPower + Ridge,pearson_r,0.2423047121244691,2,chronological,9735,2438,46,13.944154024124146,a92d25ac87e2,9e58c68252ca,within_subject,0.3.0.dev0,2026-09-10T20:26:31,
Miller2019-fingerflex,bp,0,LogBandPower + Ridge,r2,-0.058878688477705,2,chronological,9735,2438,46,13.944154024124146,a92d25ac87e2,9e58c68252ca,within_subject,0.3.0.dev0,2026-09-10T20:26:31,
Miller2019-fingerflex,bp,0,HighGamma + Ridge,pearson_r,0.2785854994569997,3,chronological,9735,2438,46,15.793947219848633,d64858d8d288,9e58c68252ca,within_subject,0.3.0.dev0,2026-09-10T20:26:31,
Miller2019-fingerflex,bp,0,HighGamma + Ridge,r2,-0.0474095516629287,3,chronological,9735,2438,46,15.793947219848633,d64858d8d288,9e58c68252ca,within_subject,0.3.0.dev0,2026-09-10T20:26:31,
Miller2019-fingerflex,bp,0,LogBandPower + Ridge,pearson_r,0.2557949073692273,3,chronological,9735,2438,46,14.512277841567991,a92d25ac87e2,9e58c68252ca,within_subject,0.3.0.dev0,2026-09-10T20:26:31,
Miller2019-fingerflex,bp,0,LogBandPower + Ridge,r2,-0.1013560077454224,3,chronological,9735,2438,46,14.512277841567991,a92d25ac87e2,9e58c68252ca,within_subject,0.3.0.dev0,2026-09-10T20:26:31,
Miller2019-fingerflex,bp,0,HighGamma + Ridge,pearson_r,0.2603919119263159,4,chronological,9743,2439,46,22.278995752334595,d64858d8d288,9e58c68252ca,within_subject,0.3.0.dev0,2026-09-10T20:26:31,
Miller2019-fingerflex,bp,0,HighGamma + Ridge,r2,-0.2828125366697983,4,chronological,9743,2439,46,22.278995752334595,d64858d8d288,9e58c68252ca,within_subject,0.3.0.dev0,2026-09-10T20:26:31,
Miller2019-fingerflex,bp,0,LogBandPower + Ridge,pearson_r,0.2295199135083958,4,chronological,9743,2439,46,24.56089878082276,a92d25ac87e2,9e58c68252ca,within_subject,0.3.0.dev0,2026-09-10T20:26:31,
Miller2019-fingerflex,bp,0,LogBandPower + Ridge,r2,-0.3440429176504735,4,chronological,9743,2439,46,24.56089878082276,a92d25ac87e2,9e58c68252ca,within_subject,0.3.0.dev0,2026-09-10T20:26:31,
Miller2019-fingerflex,cc,0,HighGamma + Ridge,pearson_r,0.5038069129371532,0,chronological,9744,2438,63,52.62200713157654,d64858d8d288,9e58c68252ca,within_subject,0.3.0.dev0,2026-09-10T20:33:08,
Miller2019-fingerflex,cc,0,HighGamma + Ridge,r2,0.1910671842484183,0,chronological,9744,2438,63,52.62200713157654,d64858d8d288,9e58c68252ca,within_subject,0.3.0.dev0,2026-09-10T20:33:08,
Miller2019-fingerflex,cc,0,LogBandPower + Ridge,pearson_r,0.4756768574492621,0,chronological,9744,2438,63,24.740518808364868,a92d25ac87e2,9e58c68252ca,within_subject,0.3.0.dev0,2026-09-10T20:33:08,
Miller2019-fingerflex,cc,0,LogBandPower + Ridge,r2,0.1596525790948672,0,chronological,9744,2438,63,24.740518808364868,a92d25ac87e2,9e58c68252ca,within_subject,0.3.0.dev0,2026-09-10T20:33:08,
Miller2019-fingerflex,cc,0,HighGamma + Ridge,pearson_r,0.4945704209906239,1,chronological,9735,2438,63,27.50273108482361,d64858d8d288,9e58c68252ca,within_subject,0.3.0.dev0,2026-09-10T20:33:08,
Miller2019-fingerflex,cc,0,HighGamma + Ridge,r2,0.21191558026751,1,chronological,9735,2438,63,27.50273108482361,d64858d8d288,9e58c68252ca,within_subject,0.3.0.dev0,2026-09-10T20:33:08,
Miller2019-fingerflex,cc,0,LogBandPower + Ridge,pearson_r,0.4993977352227156,1,chronological,9735,2438,63,28.037183046340942,a92d25ac87e2,9e58c68252ca,within_subject,0.3.0.dev0,2026-09-10T20:33:08,
Miller2019-fingerflex,cc,0,LogBandPower + Ridge,r2,0.1913790442624337,1,chronological,9735,2438,63,28.037183046340942,a92d25ac87e2,9e58c68252ca,within_subject,0.3.0.dev0,2026-09-10T20:33:08,
Miller2019-fingerflex,cc,0,HighGamma + Ridge,pearson_r,0.452555358528961,2,chronological,9735,2438,63,26.13272190093994,d64858d8d288,9e58c68252ca,within_subject,0.3.0.dev0,2026-09-10T20:33:08,
Miller2019-fingerflex,cc,0,HighGamma + Ridge,r2,0.1201846789540541,2,chronological,9735,2438,63,26.13272190093994,d64858d8d288,9e58c68252ca,within_subject,0.3.0.dev0,2026-09-10T20:33:08,
Miller2019-fingerflex,cc,0,LogBandPower + Ridge,pearson_r,0.4534469122894387,2,chronological,9735,2438,63,24.72300410270691,a92d25ac87e2,9e58c68252ca,within_subject,0.3.0.dev0,2026-09-10T20:33:08,
Miller2019-fingerflex,cc,0,LogBandPower + Ridge,r2,0.1030262964458749,2,chronological,9735,2438,63,24.72300410270691,a92d25ac87e2,9e58c68252ca,within_subject,0.3.0.dev0,2026-09-10T20:33:08,
Miller2019-fingerflex,cc,0,HighGamma + Ridge,pearson_r,0.4123471473210076,3,chronological,9735,2438,63,25.59389591217041,d64858d8d288,9e58c68252ca,within_subject,0.3.0.dev0,2026-09-10T20:33:08,
Miller2019-fingerflex,cc,0,HighGamma + Ridge,r2,0.0768284043192634,3,chronological,9735,2438,63,25.59389591217041,d64858d8d288,9e58c68252ca,within_subject,0.3.0.dev0,2026-09-10T20:33:08,
Miller2019-fingerflex,cc,0,LogBandPower + Ridge,pearson_r,0.4232280218035919,3,chronological,9735,2438,63,24.82027101516724,a92d25ac87e2,9e58c68252ca,within_subject,0.3.0.dev0,2026-09-10T20:33:08,
Miller2019-fingerflex,cc,0,LogBandPower + Ridge,r2,0.0342767092194214,3,chronological,9735,2438,63,24.82027101516724,a92d25ac87e2,9e58c68252ca,within_subject,0.3.0.dev0,2026-09-10T20:33:08,
Miller2019-fingerflex,cc,0,HighGamma + Ridge,pearson_r,0.3867618266233782,4,chronological,9743,2439,63,21.397425889968872,d64858d8d288,9e58c68252ca,within_subject,0.3.0.dev0,2026-09-10T20:33:08,
Miller2019-fingerflex,cc,0,HighGamma + Ridge,r2,0.0616404030431729,4,chronological,9743,2439,63,21.397425889968872,d64858d8d288,9e58c68252ca,within_subject,0.3.0.dev0,2026-09-10T20:33:08,
Miller2019-fingerflex,cc,0,LogBandPower + Ridge,pearson_r,0.4026169216936134,4,chronological,9743,2439,63,26.182870864868164,a92d25ac87e2,9e58c68252ca,within_subject,0.3.0.dev0,2026-09-10T20:33:08,
Miller2019-fingerflex,cc,0,LogBandPower + Ridge,r2,0.0354730183150696,4,chronological,9743,2439,63,26.182870864868164,a92d25ac87e2,9e58c68252ca,within_subject,0.3.0.dev0,2026-09-10T20:33:08,
Miller2019-fingerflex,ht,0,HighGamma + Ridge,pearson_r,0.2358736447735871,0,chronological,9744,2438,64,39.51383686065674,d64858d8d288,9e58c68252ca,within_subject,0.3.0.dev0,2026-09-10T20:40:11,
Miller2019-fingerflex,ht,0,HighGamma + Ridge,r2,-0.035970338633308,0,chronological,9744,2438,64,39.51383686065674,d64858d8d288,9e58c68252ca,within_subject,0.3.0.dev0,2026-09-10T20:40:11,
Miller2019-fingerflex,ht,0,LogBandPower + Ridge,pearson_r,0.2184541756561529,0,chronological,9744,2438,64,31.655450105667114,a92d25ac87e2,9e58c68252ca,within_subject,0.3.0.dev0,2026-09-10T20:40:11,
Miller2019-fingerflex,ht,0,LogBandPower + Ridge,r2,-0.0787802579275915,0,chronological,9744,2438,64,31.655450105667114,a92d25ac87e2,9e58c68252ca,within_subject,0.3.0.dev0,2026-09-10T20:40:11,
Miller2019-fingerflex,ht,0,HighGamma + Ridge,pearson_r,0.2016200190239017,1,chronological,9735,2438,64,26.70042300224304,d64858d8d288,9e58c68252ca,within_subject,0.3.0.dev0,2026-09-10T20:40:11,
Miller2019-fingerflex,ht,0,HighGamma + Ridge,r2,0.0006073681975158,1,chronological,9735,2438,64,26.70042300224304,d64858d8d288,9e58c68252ca,within_subject,0.3.0.dev0,2026-09-10T20:40:11,
Miller2019-fingerflex,ht,0,LogBandPower + Ridge,pearson_r,0.1987997952115686,1,chronological,9735,2438,64,26.235695838928223,a92d25ac87e2,9e58c68252ca,within_subject,0.3.0.dev0,2026-09-10T20:40:11,
Miller2019-fingerflex,ht,0,LogBandPower + Ridge,r2,-0.028677714900408,1,chronological,9735,2438,64,26.235695838928223,a92d25ac87e2,9e58c68252ca,within_subject,0.3.0.dev0,2026-09-10T20:40:11,
Miller2019-fingerflex,ht,0,HighGamma + Ridge,pearson_r,0.1793414101189185,2,chronological,9735,2438,64,28.284759998321533,d64858d8d288,9e58c68252ca,within_subject,0.3.0.dev0,2026-09-10T20:40:11,
Miller2019-fingerflex,ht,0,HighGamma + Ridge,r2,-0.0034140018579636,2,chronological,9735,2438,64,28.284759998321533,d64858d8d288,9e58c68252ca,within_subject,0.3.0.dev0,2026-09-10T20:40:11,
Miller2019-fingerflex,ht,0,LogBandPower + Ridge,pearson_r,0.1918108019860963,2,chronological,9735,2438,64,26.435376167297363,a92d25ac87e2,9e58c68252ca,within_subject,0.3.0.dev0,2026-09-10T20:40:11,
Miller2019-fingerflex,ht,0,LogBandPower + Ridge,r2,-0.0453468185450224,2,chronological,9735,2438,64,26.435376167297363,a92d25ac87e2,9e58c68252ca,within_subject,0.3.0.dev0,2026-09-10T20:40:11,
Miller2019-fingerflex,ht,0,HighGamma + Ridge,pearson_r,0.1989409023291971,3,chronological,9735,2438,64,24.58324909210205,d64858d8d288,9e58c68252ca,within_subject,0.3.0.dev0,2026-09-10T20:40:11,
Miller2019-fingerflex,ht,0,HighGamma + Ridge,r2,-0.0088359876339455,3,chronological,9735,2438,64,24.58324909210205,d64858d8d288,9e58c68252ca,within_subject,0.3.0.dev0,2026-09-10T20:40:11,
Miller2019-fingerflex,ht,0,LogBandPower + Ridge,pearson_r,0.1976563547335829,3,chronological,9735,2438,64,27.7166850566864,a92d25ac87e2,9e58c68252ca,within_subject,0.3.0.dev0,2026-09-10T20:40:11,
Miller2019-fingerflex,ht,0,LogBandPower + Ridge,r2,-0.0374274625749448,3,chronological,9735,2438,64,27.7166850566864,a92d25ac87e2,9e58c68252ca,within_subject,0.3.0.dev0,2026-09-10T20:40:11,
Miller2019-fingerflex,ht,0,HighGamma + Ridge,pearson_r,0.1878260208401097,4,chronological,9743,2439,64,29.64133286476136,d64858d8d288,9e58c68252ca,within_subject,0.3.0.dev0,2026-09-10T20:40:11,
Miller2019-fingerflex,ht,0,HighGamma + Ridge,r2,-0.1538940408609105,4,chronological,9743,2439,64,29.64133286476136,d64858d8d288,9e58c68252ca,within_subject,0.3.0.dev0,2026-09-10T20:40:11,
Miller2019-fingerflex,ht,0,LogBandPower + Ridge,pearson_r,0.192641003997731,4,chronological,9743,2439,64,34.41613292694092,a92d25ac87e2,9e58c68252ca,within_subject,0.3.0.dev0,2026-09-10T20:40:11,
Miller2019-fingerflex,ht,0,LogBandPower + Ridge,r2,-0.1679139169193606,4,chronological,9743,2439,64,34.41613292694092,a92d25ac87e2,9e58c68252ca,within_subject,0.3.0.dev0,2026-09-10T20:40:11,
Miller2019-fingerflex,jc,0,HighGamma + Ridge,pearson_r,0.3291621730075826,0,chronological,8471,2119,47,13.756756067276,d64858d8d288,9e58c68252ca,within_subject,0.3.0.dev0,2026-09-10T20:42:31,
Miller2019-fingerflex,jc,0,HighGamma + Ridge,r2,0.0475741752785405,0,chronological,8471,2119,47,13.756756067276,d64858d8d288,9e58c68252ca,within_subject,0.3.0.dev0,2026-09-10T20:42:31,
Miller2019-fingerflex,jc,0,LogBandPower + Ridge,pearson_r,0.3118213786082559,0,chronological,8471,2119,47,12.589815855026243,a92d25ac87e2,9e58c68252ca,within_subject,0.3.0.dev0,2026-09-10T20:42:31,
Miller2019-fingerflex,jc,0,LogBandPower + Ridge,r2,-0.0059070679970446,0,chronological,8471,2119,47,12.589815855026243,a92d25ac87e2,9e58c68252ca,within_subject,0.3.0.dev0,2026-09-10T20:42:31,
Miller2019-fingerflex,jc,0,HighGamma + Ridge,pearson_r,0.342681461453649,1,chronological,8461,2120,47,11.959575653076172,d64858d8d288,9e58c68252ca,within_subject,0.3.0.dev0,2026-09-10T20:42:31,
Miller2019-fingerflex,jc,0,HighGamma + Ridge,r2,0.0755151101034083,1,chronological,8461,2120,47,11.959575653076172,d64858d8d288,9e58c68252ca,within_subject,0.3.0.dev0,2026-09-10T20:42:31,
Miller2019-fingerflex,jc,0,LogBandPower + Ridge,pearson_r,0.3095006360426334,1,chronological,8461,2120,47,11.122664213180542,a92d25ac87e2,9e58c68252ca,within_subject,0.3.0.dev0,2026-09-10T20:42:31,
Miller2019-fingerflex,jc,0,LogBandPower + Ridge,r2,0.016697871975195,1,chronological,8461,2120,47,11.122664213180542,a92d25ac87e2,9e58c68252ca,within_subject,0.3.0.dev0,2026-09-10T20:42:31,
Miller2019-fingerflex,jc,0,HighGamma + Ridge,pearson_r,0.3100288007190172,2,chronological,8461,2120,47,10.88056492805481,d64858d8d288,9e58c68252ca,within_subject,0.3.0.dev0,2026-09-10T20:42:31,
Miller2019-fingerflex,jc,0,HighGamma + Ridge,r2,0.0670310847250705,2,chronological,8461,2120,47,10.88056492805481,d64858d8d288,9e58c68252ca,within_subject,0.3.0.dev0,2026-09-10T20:42:31,
Miller2019-fingerflex,jc,0,LogBandPower + Ridge,pearson_r,0.2796110526821318,2,chronological,8461,2120,47,10.491315841674805,a92d25ac87e2,9e58c68252ca,within_subject,0.3.0.dev0,2026-09-10T20:42:31,
Miller2019-fingerflex,jc,0,LogBandPower + Ridge,r2,0.0246314172130124,2,chronological,8461,2120,47,10.491315841674805,a92d25ac87e2,9e58c68252ca,within_subject,0.3.0.dev0,2026-09-10T20:42:31,
Miller2019-fingerflex,jc,0,HighGamma + Ridge,pearson_r,0.3208506547077633,3,chronological,8461,2120,47,10.720442056655884,d64858d8d288,9e58c68252ca,within_subject,0.3.0.dev0,2026-09-10T20:42:31,
Miller2019-fingerflex,jc,0,HighGamma + Ridge,r2,0.0857625467303801,3,chronological,8461,2120,47,10.720442056655884,d64858d8d288,9e58c68252ca,within_subject,0.3.0.dev0,2026-09-10T20:42:31,
Miller2019-fingerflex,jc,0,LogBandPower + Ridge,pearson_r,0.2957819472295379,3,chronological,8461,2120,47,11.59471082687378,a92d25ac87e2,9e58c68252ca,within_subject,0.3.0.dev0,2026-09-10T20:42:31,
Miller2019-fingerflex,jc,0,LogBandPower + Ridge,r2,0.0521243017016322,3,chronological,8461,2120,47,11.59471082687378,a92d25ac87e2,9e58c68252ca,within_subject,0.3.0.dev0,2026-09-10T20:42:31,
Miller2019-fingerflex,jc,0,HighGamma + Ridge,pearson_r,0.3339467505206459,4,chronological,8470,2120,47,12.055974960327148,d64858d8d288,9e58c68252ca,within_subject,0.3.0.dev0,2026-09-10T20:42:31,
Miller2019-fingerflex,jc,0,HighGamma + Ridge,r2,0.0789687335830263,4,chronological,8470,2120,47,12.055974960327148,d64858d8d288,9e58c68252ca,within_subject,0.3.0.dev0,2026-09-10T20:42:31,
Miller2019-fingerflex,jc,0,LogBandPower + Ridge,pearson_r,0.3133857936645878,4,chronological,8470,2120,47,11.434938907623293,a92d25ac87e2,9e58c68252ca,within_subject,0.3.0.dev0,2026-09-10T20:42:31,
Miller2019-fingerflex,jc,0,LogBandPower + Ridge,r2,0.0487550326919866,4,chronological,8470,2120,47,11.434938907623293,a92d25ac87e2,9e58c68252ca,within_subject,0.3.0.dev0,2026-09-10T20:42:31,
Miller2019-fingerflex,jp,0,HighGamma + Ridge,pearson_r,0.2013871107596287,0,chronological,7437,1861,58,15.949604988098145,d64858d8d288,9e58c68252ca,within_subject,0.3.0.dev0,2026-09-10T20:45:06,
Miller2019-fingerflex,jp,0,HighGamma + Ridge,r2,-0.2241601059018462,0,chronological,7437,1861,58,15.949604988098145,d64858d8d288,9e58c68252ca,within_subject,0.3.0.dev0,2026-09-10T20:45:06,
Miller2019-fingerflex,jp,0,LogBandPower + Ridge,pearson_r,0.2167477166252277,0,chronological,7437,1861,58,14.477951049804688,a92d25ac87e2,9e58c68252ca,within_subject,0.3.0.dev0,2026-09-10T20:45:06,
Miller2019-fingerflex,jp,0,LogBandPower + Ridge,r2,-0.3154078844827054,0,chronological,7437,1861,58,14.477951049804688,a92d25ac87e2,9e58c68252ca,within_subject,0.3.0.dev0,2026-09-10T20:45:06,
Miller2019-fingerflex,jp,0,HighGamma + Ridge,pearson_r,0.331709253182814,1,chronological,7428,1861,58,12.247992038726808,d64858d8d288,9e58c68252ca,within_subject,0.3.0.dev0,2026-09-10T20:45:06,
Miller2019-fingerflex,jp,0,HighGamma + Ridge,r2,-0.2355664814012329,1,chronological,7428,1861,58,12.247992038726808,d64858d8d288,9e58c68252ca,within_subject,0.3.0.dev0,2026-09-10T20:45:06,
Miller2019-fingerflex,jp,0,LogBandPower + Ridge,pearson_r,0.34401394417865,1,chronological,7428,1861,58,12.071921110153198,a92d25ac87e2,9e58c68252ca,within_subject,0.3.0.dev0,2026-09-10T20:45:06,
Miller2019-fingerflex,jp,0,LogBandPower + Ridge,r2,-0.309225917404727,1,chronological,7428,1861,58,12.071921110153198,a92d25ac87e2,9e58c68252ca,within_subject,0.3.0.dev0,2026-09-10T20:45:06,
Miller2019-fingerflex,jp,0,HighGamma + Ridge,pearson_r,0.3377429517960231,2,chronological,7427,1862,58,11.84237289428711,d64858d8d288,9e58c68252ca,within_subject,0.3.0.dev0,2026-09-10T20:45:06,
Miller2019-fingerflex,jp,0,HighGamma + Ridge,r2,-0.0680208120019155,2,chronological,7427,1862,58,11.84237289428711,d64858d8d288,9e58c68252ca,within_subject,0.3.0.dev0,2026-09-10T20:45:06,
Miller2019-fingerflex,jp,0,LogBandPower + Ridge,pearson_r,0.3236910945763988,2,chronological,7427,1862,58,12.943208932876589,a92d25ac87e2,9e58c68252ca,within_subject,0.3.0.dev0,2026-09-10T20:45:06,
Miller2019-fingerflex,jp,0,LogBandPower + Ridge,r2,-0.206196702137634,2,chronological,7427,1862,58,12.943208932876589,a92d25ac87e2,9e58c68252ca,within_subject,0.3.0.dev0,2026-09-10T20:45:06,
Miller2019-fingerflex,jp,0,HighGamma + Ridge,pearson_r,0.2521672524490829,3,chronological,7428,1861,58,12.01692008972168,d64858d8d288,9e58c68252ca,within_subject,0.3.0.dev0,2026-09-10T20:45:06,
Miller2019-fingerflex,jp,0,HighGamma + Ridge,r2,-0.0895228890105764,3,chronological,7428,1861,58,12.01692008972168,d64858d8d288,9e58c68252ca,within_subject,0.3.0.dev0,2026-09-10T20:45:06,
Miller2019-fingerflex,jp,0,LogBandPower + Ridge,pearson_r,0.2619421871035312,3,chronological,7428,1861,58,13.22691297531128,a92d25ac87e2,9e58c68252ca,within_subject,0.3.0.dev0,2026-09-10T20:45:06,
Miller2019-fingerflex,jp,0,LogBandPower + Ridge,r2,-0.1851621793515163,3,chronological,7428,1861,58,13.22691297531128,a92d25ac87e2,9e58c68252ca,within_subject,0.3.0.dev0,2026-09-10T20:45:06,
Miller2019-fingerflex,jp,0,HighGamma + Ridge,pearson_r,0.328307005034216,4,chronological,7436,1862,58,12.692547798156738,d64858d8d288,9e58c68252ca,within_subject,0.3.0.dev0,2026-09-10T20:45:06,
Miller2019-fingerflex,jp,0,HighGamma + Ridge,r2,-0.0824509419933223,4,chronological,7436,1862,58,12.692547798156738,d64858d8d288,9e58c68252ca,within_subject,0.3.0.dev0,2026-09-10T20:45:06,
Miller2019-fingerflex,jp,0,LogBandPower + Ridge,pearson_r,0.3399547011626999,4,chronological,7436,1862,58,12.0960590839386,a92d25ac87e2,9e58c68252ca,within_subject,0.3.0.dev0,2026-09-10T20:45:06,
Miller2019-fingerflex,jp,0,LogBandPower + Ridge,r2,-0.1159880753208518,4,chronological,7436,1862,58,12.0960590839386,a92d25ac87e2,9e58c68252ca,within_subject,0.3.0.dev0,2026-09-10T20:45:06,
Miller2019-fingerflex,mv,0,HighGamma + Ridge,pearson_r,0.2475884527664135,0,chronological,2847,714,43,2.181346893310547,d64858d8d288,9e58c68252ca,within_subject,0.3.0.dev0,2026-09-10T20:45:30,
Miller2019-fingerflex,mv,0,HighGamma + Ridge,r2,-0.0142120930353437,0,chronological,2847,714,43,2.181346893310547,d64858d8d288,9e58c68252ca,within_subject,0.3.0.dev0,2026-09-10T20:45:30,
Miller2019-fingerflex,mv,0,LogBandPower + Ridge,pearson_r,0.2031078195977026,0,chronological,2847,714,43,1.9594659805297847,a92d25ac87e2,9e58c68252ca,within_subject,0.3.0.dev0,2026-09-10T20:45:30,
Miller2019-fingerflex,mv,0,LogBandPower + Ridge,r2,-0.1456760552132645,0,chronological,2847,714,43,1.9594659805297847,a92d25ac87e2,9e58c68252ca,within_subject,0.3.0.dev0,2026-09-10T20:45:30,
Miller2019-fingerflex,mv,0,HighGamma + Ridge,pearson_r,0.272498950440374,1,chronological,2838,714,43,1.9727489948272705,d64858d8d288,9e58c68252ca,within_subject,0.3.0.dev0,2026-09-10T20:45:30,
Miller2019-fingerflex,mv,0,HighGamma + Ridge,r2,0.0062178393940969,1,chronological,2838,714,43,1.9727489948272705,d64858d8d288,9e58c68252ca,within_subject,0.3.0.dev0,2026-09-10T20:45:30,
Miller2019-fingerflex,mv,0,LogBandPower + Ridge,pearson_r,0.2042898827766029,1,chronological,2838,714,43,1.9780290126800537,a92d25ac87e2,9e58c68252ca,within_subject,0.3.0.dev0,2026-09-10T20:45:30,
Miller2019-fingerflex,mv,0,LogBandPower + Ridge,r2,-0.1927756879486167,1,chronological,2838,714,43,1.9780290126800537,a92d25ac87e2,9e58c68252ca,within_subject,0.3.0.dev0,2026-09-10T20:45:30,
Miller2019-fingerflex,mv,0,HighGamma + Ridge,pearson_r,0.2705984933134967,2,chronological,2838,714,43,1.928754806518555,d64858d8d288,9e58c68252ca,within_subject,0.3.0.dev0,2026-09-10T20:45:30,
Miller2019-fingerflex,mv,0,HighGamma + Ridge,r2,-0.0657773221023875,2,chronological,2838,714,43,1.928754806518555,d64858d8d288,9e58c68252ca,within_subject,0.3.0.dev0,2026-09-10T20:45:30,
Miller2019-fingerflex,mv,0,LogBandPower + Ridge,pearson_r,0.2531971129147063,2,chronological,2838,714,43,1.9938511848449707,a92d25ac87e2,9e58c68252ca,within_subject,0.3.0.dev0,2026-09-10T20:45:30,
Miller2019-fingerflex,mv,0,LogBandPower + Ridge,r2,-0.2373965636957364,2,chronological,2838,714,43,1.9938511848449707,a92d25ac87e2,9e58c68252ca,within_subject,0.3.0.dev0,2026-09-10T20:45:30,
Miller2019-fingerflex,mv,0,HighGamma + Ridge,pearson_r,0.2387751869298947,3,chronological,2838,714,43,1.986314058303833,d64858d8d288,9e58c68252ca,within_subject,0.3.0.dev0,2026-09-10T20:45:30,
Miller2019-fingerflex,mv,0,HighGamma + Ridge,r2,-0.0460469860684537,3,chronological,2838,714,43,1.986314058303833,d64858d8d288,9e58c68252ca,within_subject,0.3.0.dev0,2026-09-10T20:45:30,
Miller2019-fingerflex,mv,0,LogBandPower + Ridge,pearson_r,0.2249723505967059,3,chronological,2838,714,43,2.0396668910980225,a92d25ac87e2,9e58c68252ca,within_subject,0.3.0.dev0,2026-09-10T20:45:30,
Miller2019-fingerflex,mv,0,LogBandPower + Ridge,r2,-0.2256435988775939,3,chronological,2838,714,43,2.0396668910980225,a92d25ac87e2,9e58c68252ca,within_subject,0.3.0.dev0,2026-09-10T20:45:30,
Miller2019-fingerflex,mv,0,HighGamma + Ridge,pearson_r,0.274981195409392,4,chronological,2847,714,43,1.9948749542236328,d64858d8d288,9e58c68252ca,within_subject,0.3.0.dev0,2026-09-10T20:45:30,
Miller2019-fingerflex,mv,0,HighGamma + Ridge,r2,0.0297643108950543,4,chronological,2847,714,43,1.9948749542236328,d64858d8d288,9e58c68252ca,within_subject,0.3.0.dev0,2026-09-10T20:45:30,
Miller2019-fingerflex,mv,0,LogBandPower + Ridge,pearson_r,0.2221729373154941,4,chronological,2847,714,43,2.001869201660156,a92d25ac87e2,9e58c68252ca,within_subject,0.3.0.dev0,2026-09-10T20:45:30,
Miller2019-fingerflex,mv,0,LogBandPower + Ridge,r2,-0.083456690854467,4,chronological,2847,714,43,2.001869201660156,a92d25ac87e2,9e58c68252ca,within_subject,0.3.0.dev0,2026-09-10T20:45:30,
Miller2019-fingerflex,wc,0,HighGamma + Ridge,pearson_r,0.206125547273019,0,chronological,9744,2438,64,45.29383206367493,d64858d8d288,9e58c68252ca,within_subject,0.3.0.dev0,2026-09-10T20:51:58,
Miller2019-fingerflex,wc,0,HighGamma + Ridge,r2,-0.1211116304030959,0,chronological,9744,2438,64,45.29383206367493,d64858d8d288,9e58c68252ca,within_subject,0.3.0.dev0,2026-09-10T20:51:58,
Miller2019-fingerflex,wc,0,LogBandPower + Ridge,pearson_r,0.1872344689873381,0,chronological,9744,2438,64,25.77559494972229,a92d25ac87e2,9e58c68252ca,within_subject,0.3.0.dev0,2026-09-10T20:51:58,
Miller2019-fingerflex,wc,0,LogBandPower + Ridge,r2,-0.155956077335691,0,chronological,9744,2438,64,25.77559494972229,a92d25ac87e2,9e58c68252ca,within_subject,0.3.0.dev0,2026-09-10T20:51:58,
Miller2019-fingerflex,wc,0,HighGamma + Ridge,pearson_r,0.1866531774875869,1,chronological,9735,2438,64,24.19236898422241,d64858d8d288,9e58c68252ca,within_subject,0.3.0.dev0,2026-09-10T20:51:58,
Miller2019-fingerflex,wc,0,HighGamma + Ridge,r2,-0.1114622062509484,1,chronological,9735,2438,64,24.19236898422241,d64858d8d288,9e58c68252ca,within_subject,0.3.0.dev0,2026-09-10T20:51:58,
Miller2019-fingerflex,wc,0,LogBandPower + Ridge,pearson_r,0.1877792635304599,1,chronological,9735,2438,64,25.299222946166992,a92d25ac87e2,9e58c68252ca,within_subject,0.3.0.dev0,2026-09-10T20:51:58,
Miller2019-fingerflex,wc,0,LogBandPower + Ridge,r2,-0.1636878070826692,1,chronological,9735,2438,64,25.299222946166992,a92d25ac87e2,9e58c68252ca,within_subject,0.3.0.dev0,2026-09-10T20:51:58,
Miller2019-fingerflex,wc,0,HighGamma + Ridge,pearson_r,0.2069694860062327,2,chronological,9735,2438,64,31.529022216796875,d64858d8d288,9e58c68252ca,within_subject,0.3.0.dev0,2026-09-10T20:51:58,
Miller2019-fingerflex,wc,0,HighGamma + Ridge,r2,-0.0192328820378707,2,chronological,9735,2438,64,31.529022216796875,d64858d8d288,9e58c68252ca,within_subject,0.3.0.dev0,2026-09-10T20:51:58,
Miller2019-fingerflex,wc,0,LogBandPower + Ridge,pearson_r,0.2153357015871908,2,chronological,9735,2438,64,28.04362297058105,a92d25ac87e2,9e58c68252ca,within_subject,0.3.0.dev0,2026-09-10T20:51:58,
Miller2019-fingerflex,wc,0,LogBandPower + Ridge,r2,-0.0788783805470071,2,chronological,9735,2438,64,28.04362297058105,a92d25ac87e2,9e58c68252ca,within_subject,0.3.0.dev0,2026-09-10T20:51:58,
Miller2019-fingerflex,wc,0,HighGamma + Ridge,pearson_r,0.2002399384860844,3,chronological,9735,2438,64,26.24597907066345,d64858d8d288,9e58c68252ca,within_subject,0.3.0.dev0,2026-09-10T20:51:58,
Miller2019-fingerflex,wc,0,HighGamma + Ridge,r2,-0.1336316160874609,3,chronological,9735,2438,64,26.24597907066345,d64858d8d288,9e58c68252ca,within_subject,0.3.0.dev0,2026-09-10T20:51:58,
Miller2019-fingerflex,wc,0,LogBandPower + Ridge,pearson_r,0.1757901438712346,3,chronological,9735,2438,64,25.620490074157715,a92d25ac87e2,9e58c68252ca,within_subject,0.3.0.dev0,2026-09-10T20:51:58,
Miller2019-fingerflex,wc,0,LogBandPower + Ridge,r2,-0.2080579406551327,3,chronological,9735,2438,64,25.620490074157715,a92d25ac87e2,9e58c68252ca,within_subject,0.3.0.dev0,2026-09-10T20:51:58,
Miller2019-fingerflex,wc,0,HighGamma + Ridge,pearson_r,0.1996755983661894,4,chronological,9743,2439,64,25.026158094406128,d64858d8d288,9e58c68252ca,within_subject,0.3.0.dev0,2026-09-10T20:51:58,
Miller2019-fingerflex,wc,0,HighGamma + Ridge,r2,-0.1605817834691961,4,chronological,9743,2439,64,25.026158094406128,d64858d8d288,9e58c68252ca,within_subject,0.3.0.dev0,2026-09-10T20:51:58,
Miller2019-fingerflex,wc,0,LogBandPower + Ridge,pearson_r,0.1722520163866274,4,chronological,9743,2439,64,24.96541786193848,a92d25ac87e2,9e58c68252ca,within_subject,0.3.0.dev0,2026-09-10T20:51:58,
Miller2019-fingerflex,wc,0,LogBandPower + Ridge,r2,-0.3059915348301737,4,chronological,9743,2439,64,24.96541786193848,a92d25ac87e2,9e58c68252ca,within_subject,0.3.0.dev0,2026-09-10T20:51:58,
Miller2019-fingerflex,wm,0,HighGamma + Ridge,pearson_r,0.3244672986557245,0,chronological,7101,1777,38,5.020456314086914,d64858d8d288,9e58c68252ca,within_subject,0.3.0.dev0,2026-09-10T20:53:01,
Miller2019-fingerflex,wm,0,HighGamma + Ridge,r2,-0.2251047107270165,0,chronological,7101,1777,38,5.020456314086914,d64858d8d288,9e58c68252ca,within_subject,0.3.0.dev0,2026-09-10T20:53:01,
Miller2019-fingerflex,wm,0,LogBandPower + Ridge,pearson_r,0.2809006356581172,0,chronological,7101,1777,38,5.160684108734131,a92d25ac87e2,9e58c68252ca,within_subject,0.3.0.dev0,2026-09-10T20:53:01,
Miller2019-fingerflex,wm,0,LogBandPower + Ridge,r2,-0.260788592729143,0,chronological,7101,1777,38,5.160684108734131,a92d25ac87e2,9e58c68252ca,within_subject,0.3.0.dev0,2026-09-10T20:53:01,
Miller2019-fingerflex,wm,0,HighGamma + Ridge,pearson_r,0.2982042368069234,1,chronological,7092,1777,38,5.088464021682739,d64858d8d288,9e58c68252ca,within_subject,0.3.0.dev0,2026-09-10T20:53:01,
Miller2019-fingerflex,wm,0,HighGamma + Ridge,r2,-0.0507983975839263,1,chronological,7092,1777,38,5.088464021682739,d64858d8d288,9e58c68252ca,within_subject,0.3.0.dev0,2026-09-10T20:53:01,
Miller2019-fingerflex,wm,0,LogBandPower + Ridge,pearson_r,0.2419521114918968,1,chronological,7092,1777,38,6.311157941818237,a92d25ac87e2,9e58c68252ca,within_subject,0.3.0.dev0,2026-09-10T20:53:01,
Miller2019-fingerflex,wm,0,LogBandPower + Ridge,r2,-0.1184019296866574,1,chronological,7092,1777,38,6.311157941818237,a92d25ac87e2,9e58c68252ca,within_subject,0.3.0.dev0,2026-09-10T20:53:01,
Miller2019-fingerflex,wm,0,HighGamma + Ridge,pearson_r,0.1883397191484105,2,chronological,7091,1778,38,5.11946702003479,d64858d8d288,9e58c68252ca,within_subject,0.3.0.dev0,2026-09-10T20:53:01,
Miller2019-fingerflex,wm,0,HighGamma + Ridge,r2,-0.5533572129834395,2,chronological,7091,1778,38,5.11946702003479,d64858d8d288,9e58c68252ca,within_subject,0.3.0.dev0,2026-09-10T20:53:01,
Miller2019-fingerflex,wm,0,LogBandPower + Ridge,pearson_r,0.1843576289253882,2,chronological,7091,1778,38,5.522964239120483,a92d25ac87e2,9e58c68252ca,within_subject,0.3.0.dev0,2026-09-10T20:53:01,
Miller2019-fingerflex,wm,0,LogBandPower + Ridge,r2,-0.7216752582629,2,chronological,7091,1778,38,5.522964239120483,a92d25ac87e2,9e58c68252ca,within_subject,0.3.0.dev0,2026-09-10T20:53:01,
Miller2019-fingerflex,wm,0,HighGamma + Ridge,pearson_r,0.1874159167749224,3,chronological,7092,1777,38,5.488081216812134,d64858d8d288,9e58c68252ca,within_subject,0.3.0.dev0,2026-09-10T20:53:01,
Miller2019-fingerflex,wm,0,HighGamma + Ridge,r2,-1.2436869399096495,3,chronological,7092,1777,38,5.488081216812134,d64858d8d288,9e58c68252ca,within_subject,0.3.0.dev0,2026-09-10T20:53:01,
Miller2019-fingerflex,wm,0,LogBandPower + Ridge,pearson_r,0.1737752534594527,3,chronological,7092,1777,38,5.462232828140259,a92d25ac87e2,9e58c68252ca,within_subject,0.3.0.dev0,2026-09-10T20:53:01,
Miller2019-fingerflex,wm,0,LogBandPower + Ridge,r2,-1.433098615435441,3,chronological,7092,1777,38,5.462232828140259,a92d25ac87e2,9e58c68252ca,within_subject,0.3.0.dev0,2026-09-10T20:53:01,
Miller2019-fingerflex,wm,0,HighGamma + Ridge,pearson_r,0.080582119990548,4,chronological,7100,1778,38,5.540167331695557,d64858d8d288,9e58c68252ca,within_subject,0.3.0.dev0,2026-09-10T20:53:01,
Miller2019-fingerflex,wm,0,HighGamma + Ridge,r2,-3.33585437392673,4,chronological,7100,1778,38,5.540167331695557,d64858d8d288,9e58c68252ca,within_subject,0.3.0.dev0,2026-09-10T20:53:01,
Miller2019-fingerflex,wm,0,LogBandPower + Ridge,pearson_r,0.0384028931504551,4,chronological,7100,1778,38,5.370282173156738,a92d25ac87e2,9e58c68252ca,within_subject,0.3.0.dev0,2026-09-10T20:53:01,
Miller2019-fingerflex,wm,0,LogBandPower + Ridge,r2,-3.28375743591027,4,chronological,7100,1778,38,5.370282173156738,a92d25ac87e2,9e58c68252ca,within_subject,0.3.0.dev0,2026-09-10T20:53:01,
Miller2019-fingerflex,zt,0,HighGamma + Ridge,pearson_r,0.2899264235600287,0,chronological,9744,2438,61,22.97311210632324,d64858d8d288,9e58c68252ca,within_subject,0.3.0.dev0,2026-09-10T20:58:28,
Miller2019-fingerflex,zt,0,HighGamma + Ridge,r2,-0.012538802559501,0,chronological,9744,2438,61,22.97311210632324,d64858d8d288,9e58c68252ca,within_subject,0.3.0.dev0,2026-09-10T20:58:28,
Miller2019-fingerflex,zt,0,LogBandPower + Ridge,pearson_r,0.2701537562826344,0,chronological,9744,2438,61,24.99425792694092,a92d25ac87e2,9e58c68252ca,within_subject,0.3.0.dev0,2026-09-10T20:58:28,
Miller2019-fingerflex,zt,0,LogBandPower + Ridge,r2,-0.0486992274917058,0,chronological,9744,2438,61,24.99425792694092,a92d25ac87e2,9e58c68252ca,within_subject,0.3.0.dev0,2026-09-10T20:58:28,
Miller2019-fingerflex,zt,0,HighGamma + Ridge,pearson_r,0.3059281006898783,1,chronological,9735,2438,61,25.7637140750885,d64858d8d288,9e58c68252ca,within_subject,0.3.0.dev0,2026-09-10T20:58:28,
Miller2019-fingerflex,zt,0,HighGamma + Ridge,r2,0.0008138481887597,1,chronological,9735,2438,61,25.7637140750885,d64858d8d288,9e58c68252ca,within_subject,0.3.0.dev0,2026-09-10T20:58:28,
Miller2019-fingerflex,zt,0,LogBandPower + Ridge,pearson_r,0.2783764778287557,1,chronological,9735,2438,61,22.99730110168457,a92d25ac87e2,9e58c68252ca,within_subject,0.3.0.dev0,2026-09-10T20:58:28,
Miller2019-fingerflex,zt,0,LogBandPower + Ridge,r2,-0.0447745906773088,1,chronological,9735,2438,61,22.99730110168457,a92d25ac87e2,9e58c68252ca,within_subject,0.3.0.dev0,2026-09-10T20:58:28,
Miller2019-fingerflex,zt,0,HighGamma + Ridge,pearson_r,0.2728187110913676,2,chronological,9735,2438,61,28.991565227508545,d64858d8d288,9e58c68252ca,within_subject,0.3.0.dev0,2026-09-10T20:58:28,
Miller2019-fingerflex,zt,0,HighGamma + Ridge,r2,0.0346497952752469,2,chronological,9735,2438,61,28.991565227508545,d64858d8d288,9e58c68252ca,within_subject,0.3.0.dev0,2026-09-10T20:58:28,
Miller2019-fingerflex,zt,0,LogBandPower + Ridge,pearson_r,0.2367120518332856,2,chronological,9735,2438,61,23.71195602416992,a92d25ac87e2,9e58c68252ca,within_subject,0.3.0.dev0,2026-09-10T20:58:28,
Miller2019-fingerflex,zt,0,LogBandPower + Ridge,r2,-0.0470523455411816,2,chronological,9735,2438,61,23.71195602416992,a92d25ac87e2,9e58c68252ca,within_subject,0.3.0.dev0,2026-09-10T20:58:28,
Miller2019-fingerflex,zt,0,HighGamma + Ridge,pearson_r,0.3138161922411077,3,chronological,9735,2438,61,25.0020809173584,d64858d8d288,9e58c68252ca,within_subject,0.3.0.dev0,2026-09-10T20:58:28,
Miller2019-fingerflex,zt,0,HighGamma + Ridge,r2,0.033989923323469,3,chronological,9735,2438,61,25.0020809173584,d64858d8d288,9e58c68252ca,within_subject,0.3.0.dev0,2026-09-10T20:58:28,
Miller2019-fingerflex,zt,0,LogBandPower + Ridge,pearson_r,0.2753588647028495,3,chronological,9735,2438,61,24.10419487953186,a92d25ac87e2,9e58c68252ca,within_subject,0.3.0.dev0,2026-09-10T20:58:28,
Miller2019-fingerflex,zt,0,LogBandPower + Ridge,r2,-0.0485654011959499,3,chronological,9735,2438,61,24.10419487953186,a92d25ac87e2,9e58c68252ca,within_subject,0.3.0.dev0,2026-09-10T20:58:28,
Miller2019-fingerflex,zt,0,HighGamma + Ridge,pearson_r,0.344702876327193,4,chronological,9743,2439,61,22.53679394721985,d64858d8d288,9e58c68252ca,within_subject,0.3.0.dev0,2026-09-10T20:58:28,
Miller2019-fingerflex,zt,0,HighGamma + Ridge,r2,-0.0206796301958173,4,chronological,9743,2439,61,22.53679394721985,d64858d8d288,9e58c68252ca,within_subject,0.3.0.dev0,2026-09-10T20:58:28,
Miller2019-fingerflex,zt,0,LogBandPower + Ridge,pearson_r,0.3141313737036285,4,chronological,9743,2439,61,24.64161992073059,a92d25ac87e2,9e58c68252ca,within_subject,0.3.0.dev0,2026-09-10T20:58:28,
Miller2019-fingerflex,zt,0,LogBandPower + Ridge,r2,-0.0665781185242515,4,chronological,9743,2439,61,24.64161992073059,a92d25ac87e2,9e58c68252ca,within_subject,0.3.0.dev0,2026-09-10T20:58:28,
Miller2019-fingerflex,bp,0,HighGamma + Ridge,pearson_r,0.1607494855089933,0,learning_curve,974,2438,46,4.830610990524292,d64858d8d288,9e58c68252ca,learning_curve,0.3.0.dev0,2026-09-11T16:11:36,0.1
Miller2019-fingerflex,bp,0,HighGamma + Ridge,r2,-1.374344956378014,0,learning_curve,974,2438,46,4.830610990524292,d64858d8d288,9e58c68252ca,learning_curve,0.3.0.dev0,2026-09-11T16:11:36,0.1
Miller2019-fingerflex,bp,0,LogBandPower + Ridge,pearson_r,0.0841342337157499,0,learning_curve,974,2438,46,3.345093011856079,a92d25ac87e2,9e58c68252ca,learning_curve,0.3.0.dev0,2026-09-11T16:11:36,0.1
Miller2019-fingerflex,bp,0,LogBandPower + Ridge,r2,-2.4912867601594484,0,learning_curve,974,2438,46,3.345093011856079,a92d25ac87e2,9e58c68252ca,learning_curve,0.3.0.dev0,2026-09-11T16:11:36,0.1
Miller2019-fingerflex,bp,0,HighGamma + Ridge,pearson_r,0.22635870202341,0,learning_curve,2436,2438,46,6.333887815475464,d64858d8d288,9e58c68252ca,learning_curve,0.3.0.dev0,2026-09-11T16:11:36,0.25
Miller2019-fingerflex,bp,0,HighGamma + Ridge,r2,-1.0037302876849226,0,learning_curve,2436,2438,46,6.333887815475464,d64858d8d288,9e58c68252ca,learning_curve,0.3.0.dev0,2026-09-11T16:11:36,0.25
Miller2019-fingerflex,bp,0,LogBandPower + Ridge,pearson_r,0.1539336933092096,0,learning_curve,2436,2438,46,4.886291980743408,a92d25ac87e2,9e58c68252ca,learning_curve,0.3.0.dev0,2026-09-11T16:11:36,0.25
Miller2019-fingerflex,bp,0,LogBandPower + Ridge,r2,-1.4870241463788068,0,learning_curve,2436,2438,46,4.886291980743408,a92d25ac87e2,9e58c68252ca,learning_curve,0.3.0.dev0,2026-09-11T16:11:36,0.25
Miller2019-fingerflex,bp,0,HighGamma + Ridge,pearson_r,0.2433442043547662,0,learning_curve,4872,2438,46,9.142897844314575,d64858d8d288,9e58c68252ca,learning_curve,0.3.0.dev0,2026-09-11T16:11:36,0.5
Miller2019-fingerflex,bp,0,HighGamma + Ridge,r2,-0.5895069942749587,0,learning_curve,4872,2438,46,9.142897844314575,d64858d8d288,9e58c68252ca,learning_curve,0.3.0.dev0,2026-09-11T16:11:36,0.5
Miller2019-fingerflex,bp,0,LogBandPower + Ridge,pearson_r,0.1841524400809216,0,learning_curve,4872,2438,46,8.746217966079712,a92d25ac87e2,9e58c68252ca,learning_curve,0.3.0.dev0,2026-09-11T16:11:36,0.5
Miller2019-fingerflex,bp,0,LogBandPower + Ridge,r2,-0.7965946113023271,0,learning_curve,4872,2438,46,8.746217966079712,a92d25ac87e2,9e58c68252ca,learning_curve,0.3.0.dev0,2026-09-11T16:11:36,0.5
Miller2019-fingerflex,bp,0,HighGamma + Ridge,pearson_r,0.2604406038394022,0,learning_curve,9744,2438,46,19.561787128448486,d64858d8d288,9e58c68252ca,learning_curve,0.3.0.dev0,2026-09-11T16:11:36,1.0
Miller2019-fingerflex,bp,0,HighGamma + Ridge,r2,-0.2826353899074921,0,learning_curve,9744,2438,46,19.561787128448486,d64858d8d288,9e58c68252ca,learning_curve,0.3.0.dev0,2026-09-11T16:11:36,1.0
Miller2019-fingerflex,bp,0,LogBandPower + Ridge,pearson_r,0.2294493975281845,0,learning_curve,9744,2438,46,19.34042000770569,a92d25ac87e2,9e58c68252ca,learning_curve,0.3.0.dev0,2026-09-11T16:11:36,1.0
Miller2019-fingerflex,bp,0,LogBandPower + Ridge,r2,-0.3438990799026266,0,learning_curve,9744,2438,46,19.34042000770569,a92d25ac87e2,9e58c68252ca,learning_curve,0.3.0.dev0,2026-09-11T16:11:36,1.0
Miller2019-fingerflex,cc,0,HighGamma + Ridge,pearson_r,0.2852197911429771,0,learning_curve,974,2438,63,5.376549959182739,d64858d8d288,9e58c68252ca,learning_curve,0.3.0.dev0,2026-09-11T16:14:58,0.1
Miller2019-fingerflex,cc,0,HighGamma + Ridge,r2,-0.400473332009973,0,learning_curve,974,2438,63,5.376549959182739,d64858d8d288,9e58c68252ca,learning_curve,0.3.0.dev0,2026-09-11T16:14:58,0.1
Miller2019-fingerflex,cc,0,LogBandPower + Ridge,pearson_r,0.2642419028492339,0,learning_curve,974,2438,63,5.4624199867248535,a92d25ac87e2,9e58c68252ca,learning_curve,0.3.0.dev0,2026-09-11T16:14:58,0.1
Miller2019-fingerflex,cc,0,LogBandPower + Ridge,r2,-0.9059578988275476,0,learning_curve,974,2438,63,5.4624199867248535,a92d25ac87e2,9e58c68252ca,learning_curve,0.3.0.dev0,2026-09-11T16:14:58,0.1
Miller2019-fingerflex,cc,0,HighGamma + Ridge,pearson_r,0.3488087445996656,0,learning_curve,2436,2438,63,8.002874851226807,d64858d8d288,9e58c68252ca,learning_curve,0.3.0.dev0,2026-09-11T16:14:58,0.25
Miller2019-fingerflex,cc,0,HighGamma + Ridge,r2,-0.1145080825055133,0,learning_curve,2436,2438,63,8.002874851226807,d64858d8d288,9e58c68252ca,learning_curve,0.3.0.dev0,2026-09-11T16:14:58,0.25
Miller2019-fingerflex,cc,0,LogBandPower + Ridge,pearson_r,0.3327454559985252,0,learning_curve,2436,2438,63,8.039760828018188,a92d25ac87e2,9e58c68252ca,learning_curve,0.3.0.dev0,2026-09-11T16:14:58,0.25
Miller2019-fingerflex,cc,0,LogBandPower + Ridge,r2,-0.4398942664637488,0,learning_curve,2436,2438,63,8.039760828018188,a92d25ac87e2,9e58c68252ca,learning_curve,0.3.0.dev0,2026-09-11T16:14:58,0.25
Miller2019-fingerflex,cc,0,HighGamma + Ridge,pearson_r,0.3678872298684612,0,learning_curve,4872,2438,63,14.66772198677063,d64858d8d288,9e58c68252ca,learning_curve,0.3.0.dev0,2026-09-11T16:14:58,0.5
Miller2019-fingerflex,cc,0,HighGamma + Ridge,r2,0.01106673810637,0,learning_curve,4872,2438,63,14.66772198677063,d64858d8d288,9e58c68252ca,learning_curve,0.3.0.dev0,2026-09-11T16:14:58,0.5
Miller2019-fingerflex,cc,0,LogBandPower + Ridge,pearson_r,0.3634652870391678,0,learning_curve,4872,2438,63,13.19971203804016,a92d25ac87e2,9e58c68252ca,learning_curve,0.3.0.dev0,2026-09-11T16:14:58,0.5
Miller2019-fingerflex,cc,0,LogBandPower + Ridge,r2,-0.1552190991377383,0,learning_curve,4872,2438,63,13.19971203804016,a92d25ac87e2,9e58c68252ca,learning_curve,0.3.0.dev0,2026-09-11T16:14:58,0.5
Miller2019-fingerflex,cc,0,HighGamma + Ridge,pearson_r,0.3865025216773735,0,learning_curve,9744,2438,63,46.27313375473023,d64858d8d288,9e58c68252ca,learning_curve,0.3.0.dev0,2026-09-11T16:14:58,1.0
Miller2019-fingerflex,cc,0,HighGamma + Ridge,r2,0.0611548035259367,0,learning_curve,9744,2438,63,46.27313375473023,d64858d8d288,9e58c68252ca,learning_curve,0.3.0.dev0,2026-09-11T16:14:58,1.0
Miller2019-fingerflex,cc,0,LogBandPower + Ridge,pearson_r,0.4023654731759054,0,learning_curve,9744,2438,63,53.17538619041443,a92d25ac87e2,9e58c68252ca,learning_curve,0.3.0.dev0,2026-09-11T16:14:58,1.0
Miller2019-fingerflex,cc,0,LogBandPower + Ridge,r2,0.0349925499316516,0,learning_curve,9744,2438,63,53.17538619041443,a92d25ac87e2,9e58c68252ca,learning_curve,0.3.0.dev0,2026-09-11T16:14:58,1.0
Miller2019-fingerflex,ht,0,HighGamma + Ridge,pearson_r,0.0922824989815553,0,learning_curve,974,2438,64,5.154675960540772,d64858d8d288,9e58c68252ca,learning_curve,0.3.0.dev0,2026-09-11T16:18:39,0.1
Miller2019-fingerflex,ht,0,HighGamma + Ridge,r2,-0.7186345643400618,0,learning_curve,974,2438,64,5.154675960540772,d64858d8d288,9e58c68252ca,learning_curve,0.3.0.dev0,2026-09-11T16:18:39,0.1
Miller2019-fingerflex,ht,0,LogBandPower + Ridge,pearson_r,0.0783955049816027,0,learning_curve,974,2438,64,4.762879848480225,a92d25ac87e2,9e58c68252ca,learning_curve,0.3.0.dev0,2026-09-11T16:18:39,0.1
Miller2019-fingerflex,ht,0,LogBandPower + Ridge,r2,-1.1362079778831986,0,learning_curve,974,2438,64,4.762879848480225,a92d25ac87e2,9e58c68252ca,learning_curve,0.3.0.dev0,2026-09-11T16:18:39,0.1
Miller2019-fingerflex,ht,0,HighGamma + Ridge,pearson_r,0.1490177113930799,0,learning_curve,2436,2438,64,8.421452045440674,d64858d8d288,9e58c68252ca,learning_curve,0.3.0.dev0,2026-09-11T16:18:39,0.25
Miller2019-fingerflex,ht,0,HighGamma + Ridge,r2,-0.5637491766669639,0,learning_curve,2436,2438,64,8.421452045440674,d64858d8d288,9e58c68252ca,learning_curve,0.3.0.dev0,2026-09-11T16:18:39,0.25
Miller2019-fingerflex,ht,0,LogBandPower + Ridge,pearson_r,0.1465454166115193,0,learning_curve,2436,2438,64,6.148666858673096,a92d25ac87e2,9e58c68252ca,learning_curve,0.3.0.dev0,2026-09-11T16:18:39,0.25
Miller2019-fingerflex,ht,0,LogBandPower + Ridge,r2,-0.7228311880705925,0,learning_curve,2436,2438,64,6.148666858673096,a92d25ac87e2,9e58c68252ca,learning_curve,0.3.0.dev0,2026-09-11T16:18:39,0.25
Miller2019-fingerflex,ht,0,HighGamma + Ridge,pearson_r,0.1745670147582996,0,learning_curve,4872,2438,64,19.11624813079834,d64858d8d288,9e58c68252ca,learning_curve,0.3.0.dev0,2026-09-11T16:18:39,0.5
Miller2019-fingerflex,ht,0,HighGamma + Ridge,r2,-0.2957594253075081,0,learning_curve,4872,2438,64,19.11624813079834,d64858d8d288,9e58c68252ca,learning_curve,0.3.0.dev0,2026-09-11T16:18:39,0.5
Miller2019-fingerflex,ht,0,LogBandPower + Ridge,pearson_r,0.1680694934635441,0,learning_curve,4872,2438,64,14.892927885055542,a92d25ac87e2,9e58c68252ca,learning_curve,0.3.0.dev0,2026-09-11T16:18:39,0.5
Miller2019-fingerflex,ht,0,LogBandPower + Ridge,r2,-0.3677281044245245,0,learning_curve,4872,2438,64,14.892927885055542,a92d25ac87e2,9e58c68252ca,learning_curve,0.3.0.dev0,2026-09-11T16:18:39,0.5
Miller2019-fingerflex,ht,0,HighGamma + Ridge,pearson_r,0.1880764190082236,0,learning_curve,9744,2438,64,56.22794699668884,d64858d8d288,9e58c68252ca,learning_curve,0.3.0.dev0,2026-09-11T16:18:39,1.0
Miller2019-fingerflex,ht,0,HighGamma + Ridge,r2,-0.1537074800889096,0,learning_curve,9744,2438,64,56.22794699668884,d64858d8d288,9e58c68252ca,learning_curve,0.3.0.dev0,2026-09-11T16:18:39,1.0
Miller2019-fingerflex,ht,0,LogBandPower + Ridge,pearson_r,0.1929802770407148,0,learning_curve,9744,2438,64,49.425740003585815,a92d25ac87e2,9e58c68252ca,learning_curve,0.3.0.dev0,2026-09-11T16:18:39,1.0
Miller2019-fingerflex,ht,0,LogBandPower + Ridge,r2,-0.1675606656394294,0,learning_curve,9744,2438,64,49.425740003585815,a92d25ac87e2,9e58c68252ca,learning_curve,0.3.0.dev0,2026-09-11T16:18:39,1.0
Miller2019-fingerflex,jc,0,HighGamma + Ridge,pearson_r,0.2078943072163182,0,learning_curve,847,2120,47,3.496185779571533,d64858d8d288,9e58c68252ca,learning_curve,0.3.0.dev0,2026-09-11T16:20:08,0.1
Miller2019-fingerflex,jc,0,HighGamma + Ridge,r2,-0.0646936688002896,0,learning_curve,847,2120,47,3.496185779571533,d64858d8d288,9e58c68252ca,learning_curve,0.3.0.dev0,2026-09-11T16:20:08,0.1
Miller2019-fingerflex,jc,0,LogBandPower + Ridge,pearson_r,0.0882501035364086,0,learning_curve,847,2120,47,3.486853837966919,a92d25ac87e2,9e58c68252ca,learning_curve,0.3.0.dev0,2026-09-11T16:20:08,0.1
Miller2019-fingerflex,jc,0,LogBandPower + Ridge,r2,-0.3827776275847508,0,learning_curve,847,2120,47,3.486853837966919,a92d25ac87e2,9e58c68252ca,learning_curve,0.3.0.dev0,2026-09-11T16:20:08,0.1
Miller2019-fingerflex,jc,0,HighGamma + Ridge,pearson_r,0.2891005688362353,0,learning_curve,2118,2120,47,4.755028963088989,d64858d8d288,9e58c68252ca,learning_curve,0.3.0.dev0,2026-09-11T16:20:08,0.25
Miller2019-fingerflex,jc,0,HighGamma + Ridge,r2,-0.0525529571411885,0,learning_curve,2118,2120,47,4.755028963088989,d64858d8d288,9e58c68252ca,learning_curve,0.3.0.dev0,2026-09-11T16:20:08,0.25
Miller2019-fingerflex,jc,0,LogBandPower + Ridge,pearson_r,0.2102706550938349,0,learning_curve,2118,2120,47,3.178191900253296,a92d25ac87e2,9e58c68252ca,learning_curve,0.3.0.dev0,2026-09-11T16:20:08,0.25
Miller2019-fingerflex,jc,0,LogBandPower + Ridge,r2,-0.2391087742937471,0,learning_curve,2118,2120,47,3.178191900253296,a92d25ac87e2,9e58c68252ca,learning_curve,0.3.0.dev0,2026-09-11T16:20:08,0.25
Miller2019-fingerflex,jc,0,HighGamma + Ridge,pearson_r,0.3080556562420034,0,learning_curve,4235,2120,47,9.080914974212646,d64858d8d288,9e58c68252ca,learning_curve,0.3.0.dev0,2026-09-11T16:20:08,0.5
Miller2019-fingerflex,jc,0,HighGamma + Ridge,r2,0.0246722699631449,0,learning_curve,4235,2120,47,9.080914974212646,d64858d8d288,9e58c68252ca,learning_curve,0.3.0.dev0,2026-09-11T16:20:08,0.5
Miller2019-fingerflex,jc,0,LogBandPower + Ridge,pearson_r,0.2673091425355886,0,learning_curve,4235,2120,47,5.017009735107422,a92d25ac87e2,9e58c68252ca,learning_curve,0.3.0.dev0,2026-09-11T16:20:08,0.5
Miller2019-fingerflex,jc,0,LogBandPower + Ridge,r2,-0.0533761574422825,0,learning_curve,4235,2120,47,5.017009735107422,a92d25ac87e2,9e58c68252ca,learning_curve,0.3.0.dev0,2026-09-11T16:20:08,0.5
Miller2019-fingerflex,jc,0,HighGamma + Ridge,pearson_r,0.3339467505206459,0,learning_curve,8470,2120,47,21.286396980285645,d64858d8d288,9e58c68252ca,learning_curve,0.3.0.dev0,2026-09-11T16:20:08,1.0
Miller2019-fingerflex,jc,0,HighGamma + Ridge,r2,0.0789687335830263,0,learning_curve,8470,2120,47,21.286396980285645,d64858d8d288,9e58c68252ca,learning_curve,0.3.0.dev0,2026-09-11T16:20:08,1.0
Miller2019-fingerflex,jc,0,LogBandPower + Ridge,pearson_r,0.3133857936645878,0,learning_curve,8470,2120,47,19.788474082946777,a92d25ac87e2,9e58c68252ca,learning_curve,0.3.0.dev0,2026-09-11T16:20:08,1.0
Miller2019-fingerflex,jc,0,LogBandPower + Ridge,r2,0.0487550326919866,0,learning_curve,8470,2120,47,19.788474082946777,a92d25ac87e2,9e58c68252ca,learning_curve,0.3.0.dev0,2026-09-11T16:20:08,1.0
Miller2019-fingerflex,jp,0,HighGamma + Ridge,pearson_r,0.204878904758224,0,learning_curve,744,1861,58,4.37257194519043,d64858d8d288,9e58c68252ca,learning_curve,0.3.0.dev0,2026-09-11T16:21:38,0.1
Miller2019-fingerflex,jp,0,HighGamma + Ridge,r2,-1.773562949478951,0,learning_curve,744,1861,58,4.37257194519043,d64858d8d288,9e58c68252ca,learning_curve,0.3.0.dev0,2026-09-11T16:21:38,0.1
Miller2019-fingerflex,jp,0,LogBandPower + Ridge,pearson_r,0.2296095356251878,0,learning_curve,744,1861,58,2.814625024795532,a92d25ac87e2,9e58c68252ca,learning_curve,0.3.0.dev0,2026-09-11T16:21:38,0.1
Miller2019-fingerflex,jp,0,LogBandPower + Ridge,r2,-1.9015328141836296,0,learning_curve,744,1861,58,2.814625024795532,a92d25ac87e2,9e58c68252ca,learning_curve,0.3.0.dev0,2026-09-11T16:21:38,0.1
Miller2019-fingerflex,jp,0,HighGamma + Ridge,pearson_r,0.2558526132693039,0,learning_curve,1859,1861,58,5.114894151687622,d64858d8d288,9e58c68252ca,learning_curve,0.3.0.dev0,2026-09-11T16:21:38,0.25
Miller2019-fingerflex,jp,0,HighGamma + Ridge,r2,-1.0989448774695796,0,learning_curve,1859,1861,58,5.114894151687622,d64858d8d288,9e58c68252ca,learning_curve,0.3.0.dev0,2026-09-11T16:21:38,0.25
Miller2019-fingerflex,jp,0,LogBandPower + Ridge,pearson_r,0.222342049253455,0,learning_curve,1859,1861,58,3.642479181289673,a92d25ac87e2,9e58c68252ca,learning_curve,0.3.0.dev0,2026-09-11T16:21:38,0.25
Miller2019-fingerflex,jp,0,LogBandPower + Ridge,r2,-1.3930619492886591,0,learning_curve,1859,1861,58,3.642479181289673,a92d25ac87e2,9e58c68252ca,learning_curve,0.3.0.dev0,2026-09-11T16:21:38,0.25
Miller2019-fingerflex,jp,0,HighGamma + Ridge,pearson_r,0.3007751973773802,0,learning_curve,3718,1861,58,11.87133502960205,d64858d8d288,9e58c68252ca,learning_curve,0.3.0.dev0,2026-09-11T16:21:38,0.5
Miller2019-fingerflex,jp,0,HighGamma + Ridge,r2,-0.4033659529548097,0,learning_curve,3718,1861,58,11.87133502960205,d64858d8d288,9e58c68252ca,learning_curve,0.3.0.dev0,2026-09-11T16:21:38,0.5
Miller2019-fingerflex,jp,0,LogBandPower + Ridge,pearson_r,0.273983580750341,0,learning_curve,3718,1861,58,7.902376890182495,a92d25ac87e2,9e58c68252ca,learning_curve,0.3.0.dev0,2026-09-11T16:21:38,0.5
Miller2019-fingerflex,jp,0,LogBandPower + Ridge,r2,-0.5838673167610147,0,learning_curve,3718,1861,58,7.902376890182495,a92d25ac87e2,9e58c68252ca,learning_curve,0.3.0.dev0,2026-09-11T16:21:38,0.5
Miller2019-fingerflex,jp,0,HighGamma + Ridge,pearson_r,0.3285340210905664,0,learning_curve,7437,1861,58,16.56863784790039,d64858d8d288,9e58c68252ca,learning_curve,0.3.0.dev0,2026-09-11T16:21:38,1.0
Miller2019-fingerflex,jp,0,HighGamma + Ridge,r2,-0.0818127908044475,0,learning_curve,7437,1861,58,16.56863784790039,d64858d8d288,9e58c68252ca,learning_curve,0.3.0.dev0,2026-09-11T16:21:38,1.0
Miller2019-fingerflex,jp,0,LogBandPower + Ridge,pearson_r,0.339987838640261,0,learning_curve,7437,1861,58,15.302857875823976,a92d25ac87e2,9e58c68252ca,learning_curve,0.3.0.dev0,2026-09-11T16:21:38,1.0
Miller2019-fingerflex,jp,0,LogBandPower + Ridge,r2,-0.115881596751122,0,learning_curve,7437,1861,58,15.302857875823976,a92d25ac87e2,9e58c68252ca,learning_curve,0.3.0.dev0,2026-09-11T16:21:38,1.0
Miller2019-fingerflex,mv,0,HighGamma + Ridge,pearson_r,-0.0057335343970204,0,learning_curve,285,714,43,1.9908289909362795,d64858d8d288,9e58c68252ca,learning_curve,0.3.0.dev0,2026-09-11T16:21:50,0.1
Miller2019-fingerflex,mv,0,HighGamma + Ridge,r2,-0.4453714701713778,0,learning_curve,285,714,43,1.9908289909362795,d64858d8d288,9e58c68252ca,learning_curve,0.3.0.dev0,2026-09-11T16:21:50,0.1
Miller2019-fingerflex,mv,0,LogBandPower + Ridge,pearson_r,-0.0391608729841773,0,learning_curve,285,714,43,0.2808041572570801,a92d25ac87e2,9e58c68252ca,learning_curve,0.3.0.dev0,2026-09-11T16:21:50,0.1
Miller2019-fingerflex,mv,0,LogBandPower + Ridge,r2,-0.5732362161682275,0,learning_curve,285,714,43,0.2808041572570801,a92d25ac87e2,9e58c68252ca,learning_curve,0.3.0.dev0,2026-09-11T16:21:50,0.1
Miller2019-fingerflex,mv,0,HighGamma + Ridge,pearson_r,0.1834655079404163,0,learning_curve,712,714,43,0.4709408283233642,d64858d8d288,9e58c68252ca,learning_curve,0.3.0.dev0,2026-09-11T16:21:50,0.25
Miller2019-fingerflex,mv,0,HighGamma + Ridge,r2,-0.2407802798429109,0,learning_curve,712,714,43,0.4709408283233642,d64858d8d288,9e58c68252ca,learning_curve,0.3.0.dev0,2026-09-11T16:21:50,0.25
Miller2019-fingerflex,mv,0,LogBandPower + Ridge,pearson_r,0.0830846353861769,0,learning_curve,712,714,43,0.4237918853759765,a92d25ac87e2,9e58c68252ca,learning_curve,0.3.0.dev0,2026-09-11T16:21:50,0.25
Miller2019-fingerflex,mv,0,LogBandPower + Ridge,r2,-0.8025459471883716,0,learning_curve,712,714,43,0.4237918853759765,a92d25ac87e2,9e58c68252ca,learning_curve,0.3.0.dev0,2026-09-11T16:21:50,0.25
Miller2019-fingerflex,mv,0,HighGamma + Ridge,pearson_r,0.2361053072195699,0,learning_curve,1424,714,43,0.8209919929504395,d64858d8d288,9e58c68252ca,learning_curve,0.3.0.dev0,2026-09-11T16:21:50,0.5
Miller2019-fingerflex,mv,0,HighGamma + Ridge,r2,-0.0262589106622966,0,learning_curve,1424,714,43,0.8209919929504395,d64858d8d288,9e58c68252ca,learning_curve,0.3.0.dev0,2026-09-11T16:21:50,0.5
Miller2019-fingerflex,mv,0,LogBandPower + Ridge,pearson_r,0.1400644919763118,0,learning_curve,1424,714,43,0.8066377639770508,a92d25ac87e2,9e58c68252ca,learning_curve,0.3.0.dev0,2026-09-11T16:21:50,0.5
Miller2019-fingerflex,mv,0,LogBandPower + Ridge,r2,-0.2921058116842753,0,learning_curve,1424,714,43,0.8066377639770508,a92d25ac87e2,9e58c68252ca,learning_curve,0.3.0.dev0,2026-09-11T16:21:50,0.5
Miller2019-fingerflex,mv,0,HighGamma + Ridge,pearson_r,0.274981195409392,0,learning_curve,2847,714,43,2.097416877746582,d64858d8d288,9e58c68252ca,learning_curve,0.3.0.dev0,2026-09-11T16:21:50,1.0
Miller2019-fingerflex,mv,0,HighGamma + Ridge,r2,0.0297643108950543,0,learning_curve,2847,714,43,2.097416877746582,d64858d8d288,9e58c68252ca,learning_curve,0.3.0.dev0,2026-09-11T16:21:50,1.0
Miller2019-fingerflex,mv,0,LogBandPower + Ridge,pearson_r,0.2221729373154941,0,learning_curve,2847,714,43,2.0794219970703125,a92d25ac87e2,9e58c68252ca,learning_curve,0.3.0.dev0,2026-09-11T16:21:50,1.0
Miller2019-fingerflex,mv,0,LogBandPower + Ridge,r2,-0.083456690854467,0,learning_curve,2847,714,43,2.0794219970703125,a92d25ac87e2,9e58c68252ca,learning_curve,0.3.0.dev0,2026-09-11T16:21:50,1.0
Miller2019-fingerflex,wc,0,HighGamma + Ridge,pearson_r,0.096732102758427,0,learning_curve,974,2438,64,5.53879976272583,d64858d8d288,9e58c68252ca,learning_curve,0.3.0.dev0,2026-09-11T16:24:39,0.1
Miller2019-fingerflex,wc,0,HighGamma + Ridge,r2,-0.8555065400254269,0,learning_curve,974,2438,64,5.53879976272583,d64858d8d288,9e58c68252ca,learning_curve,0.3.0.dev0,2026-09-11T16:24:39,0.1
Miller2019-fingerflex,wc,0,LogBandPower + Ridge,pearson_r,0.0425641083451432,0,learning_curve,974,2438,64,4.937355995178223,a92d25ac87e2,9e58c68252ca,learning_curve,0.3.0.dev0,2026-09-11T16:24:39,0.1
Miller2019-fingerflex,wc,0,LogBandPower + Ridge,r2,-2.4674591433854305,0,learning_curve,974,2438,64,4.937355995178223,a92d25ac87e2,9e58c68252ca,learning_curve,0.3.0.dev0,2026-09-11T16:24:39,0.1
Miller2019-fingerflex,wc,0,HighGamma + Ridge,pearson_r,0.1549229210197725,0,learning_curve,2436,2438,64,7.426117897033691,d64858d8d288,9e58c68252ca,learning_curve,0.3.0.dev0,2026-09-11T16:24:39,0.25
Miller2019-fingerflex,wc,0,HighGamma + Ridge,r2,-0.9965251452519824,0,learning_curve,2436,2438,64,7.426117897033691,d64858d8d288,9e58c68252ca,learning_curve,0.3.0.dev0,2026-09-11T16:24:39,0.25
Miller2019-fingerflex,wc,0,LogBandPower + Ridge,pearson_r,0.0964439692764945,0,learning_curve,2436,2438,64,8.500622034072876,a92d25ac87e2,9e58c68252ca,learning_curve,0.3.0.dev0,2026-09-11T16:24:39,0.25
Miller2019-fingerflex,wc,0,LogBandPower + Ridge,r2,-1.9873000750331271,0,learning_curve,2436,2438,64,8.500622034072876,a92d25ac87e2,9e58c68252ca,learning_curve,0.3.0.dev0,2026-09-11T16:24:39,0.25
Miller2019-fingerflex,wc,0,HighGamma + Ridge,pearson_r,0.1666453443656663,0,learning_curve,4872,2438,64,13.463973999023438,d64858d8d288,9e58c68252ca,learning_curve,0.3.0.dev0,2026-09-11T16:24:39,0.5
Miller2019-fingerflex,wc,0,HighGamma + Ridge,r2,-0.6450439351357188,0,learning_curve,4872,2438,64,13.463973999023438,d64858d8d288,9e58c68252ca,learning_curve,0.3.0.dev0,2026-09-11T16:24:39,0.5
Miller2019-fingerflex,wc,0,LogBandPower + Ridge,pearson_r,0.1243899906391847,0,learning_curve,4872,2438,64,11.94483208656311,a92d25ac87e2,9e58c68252ca,learning_curve,0.3.0.dev0,2026-09-11T16:24:39,0.5
Miller2019-fingerflex,wc,0,LogBandPower + Ridge,r2,-0.9949235500140924,0,learning_curve,4872,2438,64,11.94483208656311,a92d25ac87e2,9e58c68252ca,learning_curve,0.3.0.dev0,2026-09-11T16:24:39,0.5
Miller2019-fingerflex,wc,0,HighGamma + Ridge,pearson_r,0.1995887466272227,0,learning_curve,9744,2438,64,36.22171688079834,d64858d8d288,9e58c68252ca,learning_curve,0.3.0.dev0,2026-09-11T16:24:39,1.0
Miller2019-fingerflex,wc,0,HighGamma + Ridge,r2,-0.1604290550405336,0,learning_curve,9744,2438,64,36.22171688079834,d64858d8d288,9e58c68252ca,learning_curve,0.3.0.dev0,2026-09-11T16:24:39,1.0
Miller2019-fingerflex,wc,0,LogBandPower + Ridge,pearson_r,0.1721783158492834,0,learning_curve,9744,2438,64,37.46398782730103,a92d25ac87e2,9e58c68252ca,learning_curve,0.3.0.dev0,2026-09-11T16:24:39,1.0
Miller2019-fingerflex,wc,0,LogBandPower + Ridge,r2,-0.3058596739311628,0,learning_curve,9744,2438,64,37.46398782730103,a92d25ac87e2,9e58c68252ca,learning_curve,0.3.0.dev0,2026-09-11T16:24:39,1.0
Miller2019-fingerflex,wm,0,HighGamma + Ridge,pearson_r,0.0793504194601389,0,learning_curve,710,1777,38,2.7168309688568115,d64858d8d288,9e58c68252ca,learning_curve,0.3.0.dev0,2026-09-11T16:25:18,0.1
Miller2019-fingerflex,wm,0,HighGamma + Ridge,r2,-7.442377402356081,0,learning_curve,710,1777,38,2.7168309688568115,d64858d8d288,9e58c68252ca,learning_curve,0.3.0.dev0,2026-09-11T16:25:18,0.1
Miller2019-fingerflex,wm,0,LogBandPower + Ridge,pearson_r,0.0088684834618469,0,learning_curve,710,1777,38,1.126981258392334,a92d25ac87e2,9e58c68252ca,learning_curve,0.3.0.dev0,2026-09-11T16:25:18,0.1
Miller2019-fingerflex,wm,0,LogBandPower + Ridge,r2,-7.9702764519688785,0,learning_curve,710,1777,38,1.126981258392334,a92d25ac87e2,9e58c68252ca,learning_curve,0.3.0.dev0,2026-09-11T16:25:18,0.1
Miller2019-fingerflex,wm,0,HighGamma + Ridge,pearson_r,0.1170499377298444,0,learning_curve,1775,1777,38,2.0232367515563965,d64858d8d288,9e58c68252ca,learning_curve,0.3.0.dev0,2026-09-11T16:25:18,0.25
Miller2019-fingerflex,wm,0,HighGamma + Ridge,r2,-6.869555257691891,0,learning_curve,1775,1777,38,2.0232367515563965,d64858d8d288,9e58c68252ca,learning_curve,0.3.0.dev0,2026-09-11T16:25:18,0.25
Miller2019-fingerflex,wm,0,LogBandPower + Ridge,pearson_r,0.0776122528380516,0,learning_curve,1775,1777,38,2.047929048538208,a92d25ac87e2,9e58c68252ca,learning_curve,0.3.0.dev0,2026-09-11T16:25:18,0.25
Miller2019-fingerflex,wm,0,LogBandPower + Ridge,r2,-6.869925005949893,0,learning_curve,1775,1777,38,2.047929048538208,a92d25ac87e2,9e58c68252ca,learning_curve,0.3.0.dev0,2026-09-11T16:25:18,0.25
Miller2019-fingerflex,wm,0,HighGamma + Ridge,pearson_r,0.1348027753915018,0,learning_curve,3550,1777,38,3.265803098678589,d64858d8d288,9e58c68252ca,learning_curve,0.3.0.dev0,2026-09-11T16:25:18,0.5
Miller2019-fingerflex,wm,0,HighGamma + Ridge,r2,-5.807043302073263,0,learning_curve,3550,1777,38,3.265803098678589,d64858d8d288,9e58c68252ca,learning_curve,0.3.0.dev0,2026-09-11T16:25:18,0.5
Miller2019-fingerflex,wm,0,LogBandPower + Ridge,pearson_r,0.0758562964472467,0,learning_curve,3550,1777,38,3.9636502265930176,a92d25ac87e2,9e58c68252ca,learning_curve,0.3.0.dev0,2026-09-11T16:25:18,0.5
Miller2019-fingerflex,wm,0,LogBandPower + Ridge,r2,-5.554814753147982,0,learning_curve,3550,1777,38,3.9636502265930176,a92d25ac87e2,9e58c68252ca,learning_curve,0.3.0.dev0,2026-09-11T16:25:18,0.5
Miller2019-fingerflex,wm,0,HighGamma + Ridge,pearson_r,0.0807355024749717,0,learning_curve,7101,1777,38,9.505216121673584,d64858d8d288,9e58c68252ca,learning_curve,0.3.0.dev0,2026-09-11T16:25:18,1.0
Miller2019-fingerflex,wm,0,HighGamma + Ridge,r2,-3.332724871661505,0,learning_curve,7101,1777,38,9.505216121673584,d64858d8d288,9e58c68252ca,learning_curve,0.3.0.dev0,2026-09-11T16:25:18,1.0
Miller2019-fingerflex,wm,0,LogBandPower + Ridge,pearson_r,0.0385484072129297,0,learning_curve,7101,1777,38,7.3297951221466064,a92d25ac87e2,9e58c68252ca,learning_curve,0.3.0.dev0,2026-09-11T16:25:18,1.0
Miller2019-fingerflex,wm,0,LogBandPower + Ridge,r2,-3.280409024792081,0,learning_curve,7101,1777,38,7.3297951221466064,a92d25ac87e2,9e58c68252ca,learning_curve,0.3.0.dev0,2026-09-11T16:25:18,1.0
Miller2019-fingerflex,zt,0,HighGamma + Ridge,pearson_r,0.2106375190968906,0,learning_curve,974,2438,61,5.156906127929688,d64858d8d288,9e58c68252ca,learning_curve,0.3.0.dev0,2026-09-11T16:27:54,0.1
Miller2019-fingerflex,zt,0,HighGamma + Ridge,r2,-0.4126147555719988,0,learning_curve,974,2438,61,5.156906127929688,d64858d8d288,9e58c68252ca,learning_curve,0.3.0.dev0,2026-09-11T16:27:54,0.1
Miller2019-fingerflex,zt,0,LogBandPower + Ridge,pearson_r,0.1181149760440414,0,learning_curve,974,2438,61,4.753875970840454,a92d25ac87e2,9e58c68252ca,learning_curve,0.3.0.dev0,2026-09-11T16:27:54,0.1
Miller2019-fingerflex,zt,0,LogBandPower + Ridge,r2,-1.1628655176813931,0,learning_curve,974,2438,61,4.753875970840454,a92d25ac87e2,9e58c68252ca,learning_curve,0.3.0.dev0,2026-09-11T16:27:54,0.1
Miller2019-fingerflex,zt,0,HighGamma + Ridge,pearson_r,0.2723544616672523,0,learning_curve,2436,2438,61,7.565279006958008,d64858d8d288,9e58c68252ca,learning_curve,0.3.0.dev0,2026-09-11T16:27:54,0.25
Miller2019-fingerflex,zt,0,HighGamma + Ridge,r2,-0.3032800692710686,0,learning_curve,2436,2438,61,7.565279006958008,d64858d8d288,9e58c68252ca,learning_curve,0.3.0.dev0,2026-09-11T16:27:54,0.25
Miller2019-fingerflex,zt,0,LogBandPower + Ridge,pearson_r,0.2136677388936837,0,learning_curve,2436,2438,61,5.71615195274353,a92d25ac87e2,9e58c68252ca,learning_curve,0.3.0.dev0,2026-09-11T16:27:54,0.25
Miller2019-fingerflex,zt,0,LogBandPower + Ridge,r2,-0.5747600383915683,0,learning_curve,2436,2438,61,5.71615195274353,a92d25ac87e2,9e58c68252ca,learning_curve,0.3.0.dev0,2026-09-11T16:27:54,0.25
Miller2019-fingerflex,zt,0,HighGamma + Ridge,pearson_r,0.3247475346735919,0,learning_curve,4872,2438,61,13.790188074111938,d64858d8d288,9e58c68252ca,learning_curve,0.3.0.dev0,2026-09-11T16:27:54,0.5
Miller2019-fingerflex,zt,0,HighGamma + Ridge,r2,-0.2258606865498778,0,learning_curve,4872,2438,61,13.790188074111938,d64858d8d288,9e58c68252ca,learning_curve,0.3.0.dev0,2026-09-11T16:27:54,0.5
Miller2019-fingerflex,zt,0,LogBandPower + Ridge,pearson_r,0.2679355030384213,0,learning_curve,4872,2438,61,12.719454765319824,a92d25ac87e2,9e58c68252ca,learning_curve,0.3.0.dev0,2026-09-11T16:27:54,0.5
Miller2019-fingerflex,zt,0,LogBandPower + Ridge,r2,-0.3564038560167437,0,learning_curve,4872,2438,61,12.719454765319824,a92d25ac87e2,9e58c68252ca,learning_curve,0.3.0.dev0,2026-09-11T16:27:54,0.5
Miller2019-fingerflex,zt,0,HighGamma + Ridge,pearson_r,0.3448260731838603,0,learning_curve,9744,2438,61,35.03958582878113,d64858d8d288,9e58c68252ca,learning_curve,0.3.0.dev0,2026-09-11T16:27:54,1.0
Miller2019-fingerflex,zt,0,HighGamma + Ridge,r2,-0.0206388024510526,0,learning_curve,9744,2438,61,35.03958582878113,d64858d8d288,9e58c68252ca,learning_curve,0.3.0.dev0,2026-09-11T16:27:54,1.0
Miller2019-fingerflex,zt,0,LogBandPower + Ridge,pearson_r,0.3142941594329921,0,learning_curve,9744,2438,61,31.70445418357849,a92d25ac87e2,9e58c68252ca,learning_curve,0.3.0.dev0,2026-09-11T16:27:54,1.0
Miller2019-fingerflex,zt,0,LogBandPower + Ridge,r2,-0.0664369567870079,0,learning_curve,9744,2438,61,31.70445418357849,a92d25ac87e2,9e58c68252ca,learning_curve,0.3.0.dev0,2026-09-11T16:27:54,1.0
